customer_id,first_name,last_name,email,gender,birth_year,city,loyalty_tier
1001,Laurie,Dunn,anthony68@hotmail.com,Male,1974,Kano,Silver
1002,Lisa,Booker,gturner@yahoo.com,Female,1987,Port Harcourt,Silver
1003,Ian,Higgins,travis39@yahoo.com,Male,1997,Abuja,Silver
1004,Jerry,Gibbs,ricardowilson@gmail.com,Male,1991,Abuja,Platinum
1005,Mary,Brennan,allenchristopher@cherry-hebert.org,Male,1990,Lagos,Platinum
1006,Corey,Anderson,vanessadean@gmail.com,Female,1975,Abuja,Gold
1007,Matthew,King,langtimothy@baker.biz,Male,1970,Lagos,Silver
1008,Teresa,Hodges,clarkwilliam@patrick.com,Male,1974,Enugu,Gold
1009,Sandra,Miller,justin67@davis-frost.net,Male,1981,Kano,Silver
1010,Jacob,Payne,dana72@gmail.com,Female,1995,Lagos,Gold
1011,Robert,Cooley,jenniferwhite@carney-fernandez.org,Male,2003,Port Harcourt,Silver
1012,Michael,Berry,hooperrichard@hotmail.com,Male,1983,Kano,Gold
1013,Justin,Frye,cassandra71@hotmail.com,Male,1995,Lagos,Silver
1014,Sandra,Joseph,romerosamantha@sherman.com,Male,1996,Kano,Gold
1015,Laura,Gonzalez,othompson@hotmail.com,Female,1978,Kano,Platinum
1016,Tammy,Davis,ubrown@yahoo.com,Male,1995,Kano,Silver
1017,Teresa,Carr,spencer56@cline-hill.com,Female,1991,Enugu,Silver
1018,Richard,Taylor,ryan06@jackson.org,Female,1999,Port Harcourt,Platinum
1019,Amanda,Quinn,wisedavid@gmail.com,Female,1986,Ibadan,Silver
1020,David,Williams,tiffanythompson@owens.info,Male,1995,Ibadan,Gold
1021,Jackie,Walters,wfigueroa@gmail.com,Female,1970,Lagos,Silver
1022,William,Lee,wellstaylor@gmail.com,Male,1977,Kano,Silver
1023,Angela,Garcia,logan38@yahoo.com,Female,2004,Lagos,Silver
1024,Harry,Walker,kbarry@mosley.org,Female,1984,Enugu,Silver
1025,Andre,Matthews,ytran@yahoo.com,Female,1991,Enugu,Gold
1026,Jade,Porter,madeline66@hotmail.com,Female,1983,Abuja,Silver
1027,Robert,Nunez,victoriawalker@yahoo.com,Female,1995,Enugu,Silver
1028,Andrew,Garcia,bpeterson@ray.net,Female,1997,Abuja,Silver
1029,Robert,Jarvis,duncanjustin@gmail.com,Female,1992,Port Harcourt,Silver
1030,John,Bonilla,sherry13@hunt-robinson.net,Female,1983,Lagos,Gold
1031,Vicki,Davis,karen60@ware-maddox.com,Male,1993,Port Harcourt,Platinum
1032,Teresa,Adams,michaelsmith@hotmail.com,Male,1971,Enugu,Silver
1033,Julie,Crawford,cdelgado@brown.com,Female,1995,Port Harcourt,Gold
1034,Diana,Jones,amandawang@walters.com,Female,1983,Port Harcourt,Gold
1035,Benjamin,Bright,scottbarry@yahoo.com,Female,1976,Port Harcourt,Silver
1036,Nathan,Stephens,anitarodriguez@gmail.com,Male,1972,Enugu,Platinum
1037,Karen,Young,halldeanna@sanchez.com,Female,1992,Kano,Silver
1038,Amy,Castaneda,gregorymyers@ford.com,Male,1987,Port Harcourt,Silver
1039,Heidi,Foster,jerry21@gmail.com,Male,2004,Abuja,Gold
1040,James,Franco,tgonzalez@yahoo.com,Male,1984,Enugu,Silver
1041,Lawrence,Hines,vasquezpaul@cummings.com,Male,1994,Port Harcourt,Gold
1042,Heather,Jennings,millerjames@hill.org,Male,1997,Kano,Gold
1043,Adam,Smith,olsonstanley@gmail.com,Female,1979,Enugu,Silver
1044,Jamie,Parks,xtucker@price.net,Female,1986,Ibadan,Gold
1045,Brian,Cameron,ostewart@clark.com,Female,1991,Kano,Silver
1046,Crystal,Lee,tramirez@day-gutierrez.com,Female,1995,Abuja,Silver
1047,Jimmy,Kelly,ocross@smith.com,Female,1994,Port Harcourt,Gold
1048,Wendy,Nelson,psmith@hotmail.com,Male,1986,Ibadan,Platinum
1049,Alexis,Bennett,theresa09@gmail.com,Female,1982,Ibadan,Silver
1050,Laura,Werner,lramirez@ortiz.com,Female,1989,Enugu,Silver
1051,Dennis,Lee,ashleycampbell@hotmail.com,Male,1994,Ibadan,Gold
1052,Michael,Hendrix,jillianjones@gmail.com,Female,1973,Abuja,Gold
1053,Dawn,Hunter,dkennedy@white.com,Male,1979,Abuja,Gold
1054,Laura,Jensen,deborahbrooks@yahoo.com,Female,1972,Lagos,Silver
1055,Donald,Pierce,david18@brown-moore.net,Male,1987,Abuja,Silver
1056,Tony,Anderson,michaelshannon@yahoo.com,Female,1991,Kano,Silver
1057,John,Smith,kevinwilliams@gmail.com,Female,2003,Ibadan,Gold
1058,Jeffrey,Roberts,belljasmine@wilkinson.info,Male,1977,Abuja,Silver
1059,Mark,Silva,andrew73@richardson.com,Male,1988,Enugu,Silver
1060,Thomas,Fuentes,nmanning@yahoo.com,Male,1975,Lagos,Platinum
1061,Alex,Lara,cathy14@hotmail.com,Male,1995,Ibadan,Silver
1062,Donna,Thomas,kevindavila@roberts.net,Male,2003,Lagos,Platinum
1063,Virginia,Russo,greenleslie@hotmail.com,Male,1975,Ibadan,Gold
1064,Ashlee,Weaver,gramirez@hotmail.com,Male,2002,Enugu,Gold
1065,John,Martin,stephanieobrien@gmail.com,Male,1991,Lagos,Silver
1066,Joseph,Rodriguez,lisajohnston@gmail.com,Female,1990,Port Harcourt,Silver
1067,David,Sawyer,qperry@hotmail.com,Female,1975,Kano,Gold
1068,Martha,Tapia,dclark@gmail.com,Male,1975,Kano,Gold
1069,Joshua,Johnson,brittanyreese@gmail.com,Female,1973,Ibadan,Gold
1070,William,Jones,cesparza@henry.com,Female,1999,Port Harcourt,Silver
1071,Emily,Cummings,angela37@lee.com,Female,1980,Lagos,Gold
1072,Brad,Steele,littleaaron@hotmail.com,Female,1999,Port Harcourt,Gold
1073,Jose,Johnson,chase69@fisher-guzman.info,Male,2000,Port Harcourt,Gold
1074,Lucas,Wright,ebowen@wright-gallagher.net,Female,1993,Lagos,Gold
1075,Stephen,Vargas,adamwilliams@phelps.info,Male,1978,Enugu,Gold
1076,Derrick,Oliver,davidsonsandra@gmail.com,Female,1972,Port Harcourt,Gold
1077,Amanda,Pierce,chandlereric@hotmail.com,Female,2000,Port Harcourt,Silver
1078,Douglas,Ruiz,eric17@gmail.com,Female,1993,Enugu,Silver
1079,Emily,James,hollyjohnson@hotmail.com,Male,2000,Port Harcourt,Silver
1080,Andrea,Hale,mdavis@gmail.com,Female,1975,Port Harcourt,Silver
1081,Edward,Allen,estradamary@yahoo.com,Male,1971,Port Harcourt,Silver
1082,Ashley,Deleon,fjones@gmail.com,Female,1989,Kano,Silver
1083,William,Elliott,stacy50@grant.com,Male,1997,Abuja,Silver
1084,Angela,Black,jeffreyporter@hotmail.com,Female,1980,Enugu,Silver
1085,Melanie,Craig,donna81@gmail.com,Male,1973,Port Harcourt,Gold
1086,Tracy,Johnson,matthewnorris@yahoo.com,Male,1984,Kano,Platinum
1087,Jennifer,Fuentes,kevin28@wallace-thomas.com,Female,1975,Enugu,Silver
1088,Angela,Valenzuela,hscott@hotmail.com,Male,1999,Ibadan,Platinum
1089,Michael,Taylor,eevans@yahoo.com,Female,1971,Ibadan,Silver
1090,Kathleen,Deleon,robinsonchris@perry-pineda.com,Female,1984,Port Harcourt,Silver
1091,Sara,Orozco,nicolelee@hotmail.com,Female,1980,Kano,Silver
1092,Desiree,Sawyer,lucasdominique@hotmail.com,Female,1977,Kano,Silver
1093,Anthony,Mitchell,jenny02@solomon.com,Female,1995,Enugu,Gold
1094,David,Porter,christopher87@sullivan.com,Female,1974,Enugu,Gold
1095,Mary,Mccarthy,micheletaylor@gmail.com,Female,1975,Kano,Silver
1096,Ernest,Chandler,theresabrown@adams.info,Female,1995,Enugu,Silver
1097,Randy,Chen,tcook@larson.com,Female,1973,Kano,Silver
1098,Julia,Wood,virginiadelgado@freeman-hunter.com,Female,1988,Abuja,Silver
1099,Matthew,Downs,pearsonbrandon@hotmail.com,Female,1989,Kano,Silver
1100,David,Hamilton,paul69@gmail.com,Male,2002,Ibadan,Silver
1101,Joseph,Brennan,alexander81@parks.com,Male,1989,Enugu,Gold
1102,Ashley,Harrison,smithjamie@yahoo.com,Female,1981,Kano,Platinum
1103,Gail,Morrison,wesley67@ramirez-chavez.com,Female,1970,Kano,Silver
1104,Scott,Smith,figueroadavid@hotmail.com,Female,1995,Enugu,Platinum
1105,Elizabeth,Parker,sheacarrie@wilson.com,Female,1983,Abuja,Silver
1106,Jeanne,Moyer,mpayne@hotmail.com,Female,1980,Abuja,Silver
1107,Nicholas,Reese,yedwards@yahoo.com,Female,1982,Enugu,Silver
1108,William,Hampton,bpage@yahoo.com,Female,1972,Lagos,Gold
1109,Carol,Arnold,chawkins@pace-rodriguez.org,Female,2002,Enugu,Platinum
1110,Marc,Bailey,jenningsadrian@pacheco.org,Male,1975,Enugu,Gold
1111,Matthew,Gonzalez,suzanne71@knight-hess.com,Female,1979,Abuja,Silver
1112,Samantha,Smith,harristonya@gmail.com,Male,1974,Abuja,Gold
1113,Eric,Gonzales,sarah79@hotmail.com,Female,1992,Enugu,Silver
1114,Elizabeth,Johnson,barbaragarrison@cummings-evans.com,Female,1979,Enugu,Gold
1115,Wanda,Bailey,rogersjohn@walsh.com,Male,1971,Enugu,Silver
1116,Shawna,Daniels,noahthomas@carr.com,Female,1982,Abuja,Silver
1117,Steven,Gomez,nathan95@hernandez.com,Male,1971,Enugu,Silver
1118,Caitlin,Garcia,mary25@williams.com,Female,1989,Enugu,Gold
1119,Heidi,Kim,daniel32@hotmail.com,Female,1970,Port Harcourt,Silver
1120,Jared,Odonnell,davisrobert@davis.biz,Male,1978,Lagos,Gold
1121,Brandy,Jensen,fisherbarry@lawson-morris.com,Female,1986,Ibadan,Silver
1122,James,Hall,margaret43@yahoo.com,Male,1978,Lagos,Gold
1123,James,Walker,tiffanyhunter@gonzalez.org,Female,1980,Port Harcourt,Gold
1124,Alexander,Anderson,mwhite@fuentes-gross.com,Male,1984,Ibadan,Gold
1125,Darryl,Ferguson,travisalvarez@hernandez.com,Male,1993,Enugu,Silver
1126,Lisa,Hubbard,reyeslauren@gmail.com,Female,2004,Port Harcourt,Silver
1127,Emily,Newton,melissaflynn@hotmail.com,Female,1999,Enugu,Silver
1128,Mariah,Baldwin,ismith@carlson.biz,Male,2000,Abuja,Gold
1129,Elizabeth,Smith,howelljacob@jones.com,Female,1974,Kano,Silver
1130,Bradley,Adams,tammy64@gmail.com,Female,1983,Port Harcourt,Silver
1131,Lawrence,Gonzalez,fcallahan@villegas-decker.info,Female,1980,Abuja,Silver
1132,Alec,Coleman,sarahbanks@greene.com,Male,1978,Port Harcourt,Silver
1133,Brittany,Thomas,danielrebekah@lopez-howell.com,Male,2003,Port Harcourt,Gold
1134,Randall,Kirby,kyle68@jones.com,Male,1981,Abuja,Silver
1135,Kristopher,Goodwin,rebecca84@stevenson.biz,Male,2004,Ibadan,Gold
1136,Mary,Shepherd,katelyn01@clark-taylor.com,Male,2004,Lagos,Silver
1137,Peter,Smith,samanthapeters@myers.com,Male,1970,Enugu,Silver
1138,Bobby,Brown,john73@banks.net,Male,1991,Port Harcourt,Silver
1139,Susan,Schmidt,travis04@gonzalez.com,Male,1998,Enugu,Silver
1140,Cheyenne,Choi,robertklein@gmail.com,Male,1977,Kano,Silver
1141,Tyler,Sandoval,carlos52@cohen.org,Female,1980,Abuja,Gold
1142,Larry,Torres,thompsontiffany@griffin.info,Male,1983,Enugu,Silver
1143,Timothy,Herman,penajennifer@gmail.com,Female,1999,Abuja,Gold
1144,Monica,Lee,penabrent@hotmail.com,Female,2004,Enugu,Silver
1145,Kim,Swanson,vwatson@gmail.com,Female,1990,Lagos,Silver
1146,Sarah,Jones,laurenball@hotmail.com,Male,1974,Lagos,Gold
1147,Desiree,Sanchez,davidlewis@hotmail.com,Male,1988,Lagos,Silver
1148,Eduardo,Sullivan,obrienchristopher@russell.net,Male,1983,Lagos,Silver
1149,Lisa,Gutierrez,john07@hotmail.com,Male,1995,Lagos,Silver
1150,Michelle,Wallace,elizabethmorgan@yahoo.com,Female,1973,Lagos,Silver
1151,Adam,Davis,klittle@ramirez.biz,Male,1994,Abuja,Gold
1152,Andrew,Stewart,benjaminbrian@yahoo.com,Male,1994,Port Harcourt,Silver
1153,Angela,Perkins,shawteresa@thomas.net,Male,1987,Enugu,Gold
1154,Mark,Owens,nancyleonard@yahoo.com,Male,1977,Lagos,Gold
1155,Sharon,Miller,marknunez@lee-byrd.biz,Male,1983,Abuja,Silver
1156,Melanie,Wilson,susanferrell@hotmail.com,Female,2001,Abuja,Platinum
1157,Kelly,Schwartz,stevenssandy@tanner-mendez.net,Male,2002,Abuja,Silver
1158,Michael,Gonzalez,morrisdaniel@gmail.com,Female,1992,Port Harcourt,Platinum
1159,James,Sanchez,shannonkeith@roman.info,Male,1984,Enugu,Silver
1160,Tracey,Wright,aaronrowland@hess.com,Female,2002,Port Harcourt,Gold
1161,Randy,Bennett,fmyers@gmail.com,Male,1994,Ibadan,Silver
1162,Jennifer,Drake,stephenpowell@lara.com,Male,1986,Abuja,Silver
1163,Phillip,Reynolds,philip57@white.com,Female,2002,Ibadan,Gold
1164,Daniel,Daniels,pamelagay@gmail.com,Female,1971,Kano,Gold
1165,Jennifer,Brooks,elizabethperry@yahoo.com,Female,1983,Lagos,Silver
1166,Casey,White,kmckay@lambert.com,Male,1975,Lagos,Silver
1167,Melissa,Smith,jessica73@yahoo.com,Female,1975,Port Harcourt,Gold
1168,James,Moran,jacksonian@bell.info,Male,1972,Enugu,Gold
1169,Jo,Williams,nicoleking@smith.com,Male,1976,Ibadan,Platinum
1170,Donald,Vazquez,millerdennis@adams-clarke.com,Female,1977,Enugu,Gold
1171,Joshua,Tran,simonelizabeth@gmail.com,Female,1984,Port Harcourt,Platinum
1172,Kevin,Shepard,osolomon@yahoo.com,Male,1998,Lagos,Gold
1173,Thomas,Burns,millereugene@king-white.org,Male,2002,Enugu,Silver
1174,Joseph,Walker,maria58@gmail.com,Female,1999,Enugu,Silver
1175,Diana,Wagner,cassie75@thomas-rose.org,Female,1996,Lagos,Gold
1176,Ann,Smith,benjaminramsey@gmail.com,Female,1998,Ibadan,Gold
1177,Julie,Smith,lynndudley@gmail.com,Male,2002,Lagos,Silver
1178,Jason,White,mmalone@barrett.net,Male,1996,Enugu,Silver
1179,Courtney,Porter,herringwilliam@gmail.com,Male,2002,Ibadan,Platinum
1180,Ashley,Hoffman,vkey@phelps.biz,Male,1973,Ibadan,Silver
1181,Michael,Mullins,lovedebra@sanders-gould.com,Male,1991,Lagos,Silver
1182,Karen,Kennedy,lauren12@larsen-hudson.info,Male,1971,Enugu,Silver
1183,Kristin,Meyer,archermichael@gmail.com,Female,1979,Port Harcourt,Silver
1184,Steven,Brown,scottbutler@hotmail.com,Male,1974,Enugu,Silver
1185,Rachel,Pratt,tommyboyd@yahoo.com,Male,1979,Abuja,Silver
1186,Brandy,Black,ryanmclaughlin@jones-hayes.com,Male,2002,Kano,Silver
1187,Maria,Parker,danarollins@hotmail.com,Female,1982,Port Harcourt,Gold
1188,Darren,Johnson,wrightanthony@yahoo.com,Male,2000,Ibadan,Silver
1189,John,Gardner,hnavarro@gmail.com,Male,1993,Port Harcourt,Gold
1190,Linda,Duffy,wilkinsjeffrey@johnson.info,Female,1984,Ibadan,Gold
1191,Jessica,Yang,bryan01@yahoo.com,Male,1998,Ibadan,Silver
1192,Olivia,Turner,stephanie73@hotmail.com,Male,1977,Port Harcourt,Gold
1193,Kevin,Burton,mmayer@hotmail.com,Male,1974,Ibadan,Silver
1194,Michael,Anderson,michael28@gmail.com,Male,1998,Ibadan,Gold
1195,Douglas,Petersen,beardheather@gmail.com,Male,1973,Abuja,Silver
1196,Lisa,Walker,browningkayla@yahoo.com,Female,1981,Enugu,Gold
1197,Michelle,Casey,ublack@hotmail.com,Female,1971,Enugu,Gold
1198,Tracy,Gallagher,robinsonerica@chavez.com,Female,1996,Kano,Silver
1199,Raymond,Richard,jenniferjenkins@hotmail.com,Male,2000,Kano,Silver
1200,Kimberly,Norris,tinalopez@yahoo.com,Male,1995,Abuja,Gold
1201,Eric,Turner,hickmanmary@jackson-alexander.com,Male,1996,Kano,Gold
1202,Nathan,Ward,bobby76@franklin-waters.org,Female,1974,Port Harcourt,Silver
1203,Tracy,Camacho,martinrobert@knight.biz,Male,1989,Lagos,Gold
1204,Colleen,Smith,uhodge@hotmail.com,Male,1980,Lagos,Silver
1205,Alex,Villa,yhamilton@gmail.com,Female,1979,Lagos,Gold
1206,Christopher,Nelson,ichurch@roberts-whitehead.com,Male,1975,Abuja,Silver
1207,Tracie,Freeman,srodriguez@mcneil-ryan.com,Female,1977,Abuja,Gold
1208,David,Khan,wileychristopher@gmail.com,Female,1992,Ibadan,Silver
1209,Kathleen,Dudley,kevinrodriguez@gmail.com,Female,1995,Lagos,Silver
1210,Megan,Williams,zclark@hotmail.com,Male,1981,Port Harcourt,Silver
1211,Teresa,Key,paulmaxwell@yahoo.com,Male,1995,Kano,Silver
1212,Sheri,Malone,kyleoconnell@barron.net,Male,1982,Port Harcourt,Silver
1213,Jason,Mullins,butlereric@yahoo.com,Male,1987,Kano,Silver
1214,Garrett,Williams,thomaschristian@yahoo.com,Male,1994,Lagos,Gold
1215,Gary,Ross,katherine35@gmail.com,Male,2002,Lagos,Silver
1216,Dominic,Shepard,jeffrey00@pham.org,Male,1981,Lagos,Silver
1217,Kurt,Adams,shafferkevin@oconnell.com,Female,1973,Abuja,Silver
1218,Kelsey,Williams,hjones@wilson.com,Male,1974,Kano,Silver
1219,Jared,Anderson,smithlinda@martin.com,Female,1977,Abuja,Silver
1220,Emily,Chang,nortondaniel@hotmail.com,Male,1997,Abuja,Silver
1221,Kimberly,Davies,suzanne30@hotmail.com,Male,2000,Enugu,Silver
1222,Jennifer,Schmidt,emily33@singh-jones.info,Male,1978,Port Harcourt,Silver
1223,Jeffrey,Myers,bhorton@gmail.com,Female,1998,Port Harcourt,Silver
1224,Julie,Brown,carolynharvey@yahoo.com,Female,1983,Ibadan,Silver
1225,Barry,Green,schultzvincent@jackson.net,Female,1991,Abuja,Silver
1226,Scott,Edwards,juliaherrera@hotmail.com,Female,1980,Kano,Silver
1227,Heather,Baxter,gabrielle41@gmail.com,Male,1992,Enugu,Platinum
1228,Kristine,Chen,ianderson@gmail.com,Female,1970,Enugu,Silver
1229,Jennifer,Marquez,crossamber@lewis.biz,Male,1990,Port Harcourt,Gold
1230,Shannon,Perez,hgrant@garner.biz,Male,1995,Abuja,Silver
1231,Kenneth,Williams,stephensonelizabeth@yahoo.com,Female,1992,Ibadan,Gold
1232,Michael,Davis,peter48@lopez.biz,Female,1970,Abuja,Gold
1233,Jessica,Sanchez,vanessa89@gross.com,Female,1984,Lagos,Silver
1234,Patrick,Ellis,qsanders@hotmail.com,Female,1990,Abuja,Platinum
1235,Daniel,Aguilar,samanthapreston@wilson.com,Female,1978,Lagos,Silver
1236,Allison,Ware,daniel28@trevino.com,Female,1978,Lagos,Silver
1237,James,Buckley,popeaaron@scott.com,Female,1979,Ibadan,Gold
1238,Christina,Howell,cordovakari@thomas-alexander.com,Female,1995,Kano,Gold
1239,Jeffery,Parks,annaatkins@hotmail.com,Male,2004,Port Harcourt,Silver
1240,Sean,Salas,eric59@randall.com,Female,1994,Abuja,Silver
1241,Jasmine,Bruce,tara95@hotmail.com,Female,1995,Lagos,Silver
1242,Michael,Morgan,karenkennedy@hotmail.com,Male,1980,Abuja,Silver
1243,Victoria,Lopez,sfox@lam-davis.info,Female,1971,Kano,Gold
1244,Tracie,Williams,wanda80@gmail.com,Male,1976,Port Harcourt,Silver
1245,Janice,Stein,zjohnson@preston.com,Male,1987,Kano,Silver
1246,Matthew,Hernandez,barbarabrown@schmidt.com,Female,1996,Port Harcourt,Silver
1247,Lisa,Gregory,wspencer@green.com,Male,2003,Enugu,Silver
1248,Lance,Perez,wrightdavid@yahoo.com,Male,1996,Port Harcourt,Silver
1249,Anthony,Ramirez,nguyenscott@yahoo.com,Male,1986,Ibadan,Gold
1250,Jeffery,Sparks,victoria55@yahoo.com,Male,1993,Kano,Platinum
1251,Peter,Carpenter,mccannjames@michael-salinas.net,Female,1994,Lagos,Gold
1252,Kathleen,Crawford,barronsabrina@ruiz.com,Male,1976,Enugu,Silver
1253,Kelly,Hughes,rowecheryl@martinez-baker.info,Female,1975,Ibadan,Gold
1254,Karen,Smith,johnathanwood@gmail.com,Male,1993,Abuja,Gold
1255,William,Vaughn,ellisrussell@hotmail.com,Male,2002,Kano,Gold
1256,Mary,Rose,lisa85@gmail.com,Male,1998,Lagos,Silver
1257,Robert,House,xbrown@mccarthy-caldwell.com,Male,1991,Port Harcourt,Silver
1258,James,Ellison,arogers@gmail.com,Female,1995,Lagos,Silver
1259,Angela,Burns,erikward@mendoza-underwood.com,Female,1997,Abuja,Silver
1260,Whitney,Carter,sabrinawebb@house-lopez.net,Male,1990,Enugu,Silver
1261,Michael,Coleman,garcialeslie@davis-perry.com,Male,1976,Enugu,Silver
1262,Jesse,Martinez,joneskimberly@davis.com,Female,1986,Kano,Silver
1263,Juan,Vasquez,hwest@gmail.com,Male,1989,Enugu,Gold
1264,Nancy,Morrow,ericbrooks@yahoo.com,Male,1989,Kano,Silver
1265,Rebecca,Martinez,mark15@mccoy-ryan.net,Male,1991,Kano,Silver
1266,Jennifer,Meadows,seanfritz@becker.biz,Female,1997,Kano,Platinum
1267,Brooke,Johns,patrick25@burns.biz,Female,1976,Port Harcourt,Platinum
1268,Cheryl,Tyler,meganmclaughlin@gmail.com,Female,1970,Ibadan,Gold
1269,Holly,Reilly,gonzalezkerri@yahoo.com,Male,2001,Kano,Platinum
1270,Daniel,Hall,lisa77@hotmail.com,Male,1982,Kano,Silver
1271,Lauren,Thompson,matthew75@hotmail.com,Female,1999,Ibadan,Platinum
1272,Matthew,Evans,derrickcoleman@hotmail.com,Female,1992,Lagos,Silver
1273,Garrett,White,youngjoanna@james.net,Female,1988,Kano,Silver
1274,Jessica,Wright,bhendricks@yahoo.com,Female,2001,Port Harcourt,Silver
1275,Randy,Mccall,brianbraun@turner.net,Male,1999,Enugu,Silver
1276,James,Jackson,phawkins@jackson-mcintosh.biz,Female,1998,Enugu,Silver
1277,David,Tate,rcompton@james.info,Male,1998,Abuja,Gold
1278,Jacob,Freeman,lucasamy@gutierrez.info,Female,1999,Abuja,Gold
1279,Steven,Williams,ymichael@phillips.biz,Male,1985,Enugu,Silver
1280,Sharon,Howard,xhall@yahoo.com,Female,1988,Enugu,Silver
1281,Robert,Bowers,donnalopez@grant-winters.org,Female,1987,Port Harcourt,Gold
1282,Robert,Nelson,lorisparks@yahoo.com,Female,1970,Ibadan,Gold
1283,Charles,Martinez,perrymelinda@hotmail.com,Female,1983,Abuja,Silver
1284,Amy,Daniels,ericlove@powers.info,Male,1971,Ibadan,Gold
1285,Christina,Singleton,dawn30@love-moore.com,Female,1997,Port Harcourt,Silver
1286,Angela,Robinson,esimmons@gmail.com,Male,1999,Enugu,Silver
1287,Monique,Howard,mirandaosborne@gmail.com,Male,1973,Kano,Platinum
1288,Michael,Chavez,bernard47@schmidt-sanchez.com,Male,1970,Ibadan,Silver
1289,Anthony,Hall,christopherkerr@hotmail.com,Male,1977,Enugu,Silver
1290,Dale,Nielsen,bryanbrock@yahoo.com,Female,1998,Enugu,Gold
1291,Kevin,Thomas,guzmangabriella@gmail.com,Male,1972,Lagos,Gold
1292,Thomas,Sanders,davidcollins@johnson.org,Male,2001,Ibadan,Silver
1293,Sara,Jones,osborndustin@parks.com,Male,1979,Kano,Silver
1294,Susan,Carroll,cwolfe@hotmail.com,Female,1979,Ibadan,Silver
1295,Jerry,Parker,jodiwhitaker@rodriguez.com,Female,1988,Enugu,Gold
1296,Denise,Vega,brentwagner@hart-patrick.biz,Female,2003,Kano,Silver
1297,Sarah,Middleton,johnstonfrank@gmail.com,Female,2002,Port Harcourt,Silver
1298,Melissa,Hodges,tracymartinez@jimenez-schwartz.com,Male,1992,Lagos,Platinum
1299,Jesse,Calhoun,martinkelly@yahoo.com,Male,1997,Enugu,Silver
1300,Patty,Butler,brandicortez@ortiz-olsen.info,Female,2001,Abuja,Silver
1301,Melissa,Collins,obarnes@hotmail.com,Male,1976,Abuja,Silver
1302,Karen,Christensen,smithdean@martinez.com,Male,1998,Lagos,Gold
1303,Ryan,Cooper,kcoffey@powers-compton.com,Male,1977,Port Harcourt,Silver
1304,Janet,Morgan,robert39@gmail.com,Female,1970,Enugu,Silver
1305,Lauren,Baker,angela21@price.com,Female,1972,Ibadan,Gold
1306,Brian,Jones,kimpratt@yahoo.com,Male,1993,Lagos,Silver
1307,Anthony,Hart,dclayton@hotmail.com,Female,1992,Port Harcourt,Silver
1308,Amy,Price,harristimothy@floyd.com,Female,1977,Ibadan,Silver
1309,Crystal,Morales,erik63@hotmail.com,Female,1972,Abuja,Silver
1310,Kathy,Sanchez,nguyenrebecca@gmail.com,Female,2002,Abuja,Silver
1311,Robert,Garcia,jenniferpatel@hotmail.com,Female,1997,Ibadan,Silver
1312,Christina,Park,danny38@martin.com,Male,1977,Lagos,Silver
1313,Kimberly,Palmer,samantha28@yahoo.com,Female,2003,Abuja,Silver
1314,Matthew,Johns,rodriguezmegan@yahoo.com,Male,2004,Enugu,Gold
1315,Tina,Duke,wbond@stewart.info,Male,2001,Kano,Platinum
1316,Kelli,Watkins,karennavarro@smith-sullivan.net,Female,1993,Ibadan,Gold
1317,Kimberly,Gonzalez,hrogers@hotmail.com,Male,1983,Ibadan,Gold
1318,Eric,Tran,isaiah08@yahoo.com,Male,2001,Abuja,Silver
1319,Philip,Dawson,ssmith@hotmail.com,Male,1985,Lagos,Platinum
1320,Joshua,Sweeney,kelliguzman@brown.com,Female,1973,Enugu,Silver
1321,Kayla,Cruz,suzanne02@drake-blair.com,Female,1990,Lagos,Platinum
1322,Kristine,Anderson,omendez@cooper-brown.com,Male,1983,Port Harcourt,Platinum
1323,Michael,Newman,emilygreen@hotmail.com,Female,2000,Port Harcourt,Gold
1324,Jeremy,Ferrell,aprilhart@hotmail.com,Female,1987,Kano,Platinum
1325,Breanna,Alexander,wrightjeremy@odonnell.com,Female,1976,Abuja,Silver
1326,Abigail,Sawyer,williamcruz@oliver.com,Female,1979,Abuja,Silver
1327,Robert,Wagner,sextonstacy@gmail.com,Male,1976,Abuja,Silver
1328,Deborah,Dickson,jamie75@gmail.com,Male,2002,Kano,Silver
1329,Michelle,Lee,barnesamanda@blanchard.com,Female,1992,Port Harcourt,Silver
1330,Colton,Brown,mcdonalddave@hotmail.com,Female,1990,Lagos,Gold
1331,Derrick,Higgins,spearspatrick@hernandez-sims.info,Male,1988,Kano,Platinum
1332,Andrew,Gay,samuel12@gmail.com,Male,1988,Kano,Silver
1333,Willie,Carlson,amy78@hotmail.com,Female,1998,Lagos,Gold
1334,Jonathan,Peterson,brett93@white.org,Male,1987,Abuja,Platinum
1335,Carol,Gregory,sue24@hotmail.com,Female,1971,Enugu,Platinum
1336,Todd,Jenkins,rodney76@shaw.net,Female,1970,Lagos,Platinum
1337,Amy,Rogers,vanderson@houston.com,Male,1974,Port Harcourt,Silver
1338,Zachary,Martin,jeffreydelgado@potter.com,Male,1989,Ibadan,Platinum
1339,Daniel,Turner,herreramichelle@williams.com,Female,1980,Ibadan,Gold
1340,Scott,Murray,justin78@allen.com,Female,1971,Kano,Silver
1341,Jacqueline,Perez,ramirezbrian@yahoo.com,Male,1972,Ibadan,Silver
1342,Megan,Lee,melindamorris@johnson.org,Female,1992,Enugu,Gold
1343,Robert,Mitchell,joshua37@gmail.com,Male,1981,Abuja,Silver
1344,Tim,Bernard,etaylor@yahoo.com,Female,1989,Port Harcourt,Gold
1345,Jerry,Fox,marcperry@hotmail.com,Male,1974,Enugu,Gold
1346,Jennifer,Martin,patrickpena@hotmail.com,Male,1999,Port Harcourt,Silver
1347,Erin,Brown,vasquezalexander@yahoo.com,Male,1978,Port Harcourt,Silver
1348,Steven,Garcia,jeffreybuck@rice-williams.com,Female,2003,Abuja,Gold
1349,Andrew,Fisher,acollins@anderson.info,Female,2004,Kano,Silver
1350,Frank,Valdez,xperkins@hotmail.com,Male,1991,Ibadan,Silver
1351,Gail,Davis,tammy58@davis-russell.com,Female,1993,Abuja,Silver
1352,Gary,Jones,mccoyryan@hotmail.com,Male,1986,Enugu,Silver
1353,Brent,Richards,vgriffin@hotmail.com,Male,1979,Kano,Platinum
1354,Andrew,Perez,lgarcia@yahoo.com,Female,1999,Enugu,Silver
1355,Jose,Griffith,andersonaustin@clark.com,Female,1992,Kano,Gold
1356,Carmen,Douglas,ann70@gmail.com,Male,2001,Enugu,Silver
1357,Scott,Lopez,erikasullivan@murphy.com,Female,1986,Abuja,Silver
1358,Craig,Mills,reynoldsgail@hotmail.com,Female,1986,Kano,Gold
1359,Michael,Franklin,tmartin@odom.info,Male,1983,Kano,Gold
1360,Angela,Ross,emelton@yahoo.com,Male,1978,Port Harcourt,Silver
1361,Cassandra,Thomas,ianpowell@gmail.com,Female,1971,Port Harcourt,Silver
1362,Jason,Guzman,arodriguez@gmail.com,Male,1994,Lagos,Silver
1363,Angela,Craig,eringillespie@frederick.net,Male,1978,Enugu,Silver
1364,Michael,Cox,jamesjones@lewis-lewis.com,Female,1991,Port Harcourt,Gold
1365,Roger,Lucas,wattsmichael@yahoo.com,Male,1973,Lagos,Silver
1366,Katie,Barrett,fgalloway@fisher-joyce.biz,Male,1995,Port Harcourt,Silver
1367,Shelia,Stewart,shane96@martinez-franco.com,Female,1998,Enugu,Silver
1368,Joel,Nelson,karen95@hotmail.com,Female,2003,Kano,Platinum
1369,Joel,Shaw,karenvasquez@hernandez-lucas.com,Male,1992,Ibadan,Platinum
1370,Marissa,Howard,kimjames@davidson-murphy.com,Male,1980,Enugu,Silver
1371,Cynthia,Gross,johnsonelizabeth@hotmail.com,Female,1975,Abuja,Gold
1372,Aaron,Whitehead,eric26@hotmail.com,Female,1987,Port Harcourt,Silver
1373,Mathew,Pope,armstrongheather@gmail.com,Female,1990,Port Harcourt,Silver
1374,Robert,Morales,tsmith@massey-jimenez.net,Female,2003,Kano,Gold
1375,John,Reyes,rmartinez@yahoo.com,Male,1986,Abuja,Platinum
1376,Janice,Willis,mcneiltammy@johnson.info,Female,1994,Kano,Platinum
1377,Chad,Bell,ryanwilliamson@miller.com,Female,1981,Abuja,Silver
1378,Laura,Meyer,guzmantara@collins.com,Male,1992,Ibadan,Silver
1379,Tiffany,Rodriguez,mlittle@hansen.com,Female,1991,Port Harcourt,Gold
1380,Gregory,Johnson,regina07@hotmail.com,Male,1990,Port Harcourt,Silver
1381,Victoria,Stephens,jasongregory@wade.org,Female,1996,Ibadan,Silver
1382,Theresa,Dixon,jeffrey60@nelson.biz,Female,2000,Lagos,Silver
1383,Brittney,Tucker,kcarrillo@welch-paul.com,Female,1975,Kano,Gold
1384,Justin,Brown,williamsamy@yahoo.com,Male,1996,Ibadan,Silver
1385,Jessica,Matthews,robert91@hotmail.com,Male,2003,Kano,Silver
1386,Joshua,Lang,danielgarcia@yahoo.com,Female,1981,Enugu,Platinum
1387,Robert,Gibbs,david53@gmail.com,Male,1976,Port Harcourt,Silver
1388,Tammy,Ford,carlosjones@hotmail.com,Male,1979,Kano,Silver
1389,Andrea,Fisher,nathannewman@allen.com,Male,1986,Abuja,Silver
1390,Christopher,Baker,haleedward@yahoo.com,Male,1995,Kano,Silver
1391,George,Hill,nicholasreeves@yahoo.com,Male,1990,Enugu,Silver
1392,Angela,Harrison,vaughnjonathan@lane.com,Male,1997,Port Harcourt,Silver
1393,Jessica,Stanton,elizabethsmith@wood.com,Female,1971,Ibadan,Gold
1394,Sharon,Kim,toddramirez@gmail.com,Female,1970,Enugu,Silver
1395,Maria,Garcia,jamiecampos@yahoo.com,Male,1995,Port Harcourt,Platinum
1396,Vanessa,Combs,kbrown@gmail.com,Female,1998,Kano,Silver
1397,Sarah,Morales,smithmelissa@knight-arroyo.com,Female,1990,Lagos,Silver
1398,Jessica,Gray,gregory72@young.org,Female,1980,Lagos,Silver
1399,Michael,Baxter,oglenn@schultz.com,Female,1980,Abuja,Silver
1400,Katrina,Page,johngreen@yahoo.com,Male,2004,Port Harcourt,Gold
1401,Christopher,Murphy,heidi60@gmail.com,Female,2003,Lagos,Silver
1402,Eric,Schmidt,williamscarmen@small-jefferson.org,Female,1993,Ibadan,Silver
1403,Brittany,Bullock,jennifer91@booker-boyer.com,Male,1991,Port Harcourt,Gold
1404,Jodi,White,zschmidt@miller.com,Male,1974,Ibadan,Platinum
1405,Dustin,Johnson,gonzalesdeborah@gmail.com,Female,2002,Ibadan,Gold
1406,Lynn,Fitzpatrick,david43@yahoo.com,Female,1989,Lagos,Silver
1407,Michael,Taylor,tonya78@donovan.com,Female,1988,Port Harcourt,Gold
1408,Jill,Anderson,brownkenneth@yahoo.com,Female,2004,Kano,Silver
1409,Brittany,Dodson,josephoconnor@james-boyd.com,Female,1986,Enugu,Silver
1410,John,Randolph,hmartin@rivera.com,Female,2003,Lagos,Silver
1411,Patrick,Juarez,ronald60@johnson.com,Male,1978,Lagos,Silver
1412,Andrew,White,qbarnes@gmail.com,Female,1995,Kano,Silver
1413,Jennifer,Hines,richard21@garza.com,Female,1971,Port Harcourt,Silver
1414,Brandon,Morales,elizabeth54@reese.net,Male,1978,Port Harcourt,Gold
1415,Kara,Alvarado,millerashley@garcia-gaines.com,Male,1978,Ibadan,Silver
1416,Jessica,Branch,christopherfoley@gmail.com,Male,1986,Kano,Silver
1417,Jesse,Vance,wboyd@garcia.com,Male,1970,Kano,Silver
1418,Brian,Jackson,santosbeth@gmail.com,Female,1994,Port Harcourt,Platinum
1419,Michael,Reid,fwilcox@lee.com,Female,1994,Ibadan,Silver
1420,Keith,Peterson,brianbrown@russell.biz,Female,2004,Lagos,Silver
1421,Brooke,Waller,zmccullough@sharp-robles.com,Female,1972,Abuja,Gold
1422,Alexander,Alexander,danielle88@atkins-williams.org,Female,1999,Enugu,Gold
1423,Aaron,Coleman,jamesarellano@gmail.com,Female,2003,Lagos,Silver
1424,William,Solis,carlylewis@hess.com,Male,1981,Port Harcourt,Gold
1425,Chelsea,Rowland,tinaclay@austin.org,Female,1988,Enugu,Gold
1426,Andrea,Brewer,martinezjason@gmail.com,Male,1986,Abuja,Gold
1427,Crystal,Greene,christineking@yahoo.com,Male,1979,Abuja,Silver
1428,Andrew,Tyler,turnermaria@gmail.com,Female,1981,Ibadan,Gold
1429,Troy,Webb,melissagreene@jackson.info,Male,1985,Enugu,Silver
1430,Riley,Arroyo,murrayjohn@hotmail.com,Female,1993,Ibadan,Silver
1431,Grace,Galloway,jennifer45@yahoo.com,Male,1988,Lagos,Silver
1432,Ashley,Reynolds,kimberly84@brown-brandt.com,Female,1977,Kano,Silver
1433,Kathleen,Johnson,ediaz@fox.info,Male,2000,Kano,Silver
1434,Patricia,Baker,zramirez@yahoo.com,Female,1990,Kano,Gold
1435,Gloria,Soto,trivera@moore.com,Female,1986,Enugu,Silver
1436,Michael,Alexander,smithjessica@hernandez.com,Female,1992,Kano,Silver
1437,Keith,Petty,james06@yahoo.com,Female,1985,Lagos,Silver
1438,Ryan,Peterson,amanda92@yahoo.com,Female,1975,Ibadan,Silver
1439,Stacy,Mcgee,lutzwyatt@clayton.net,Male,1977,Enugu,Platinum
1440,Bailey,Kemp,rebeccatownsend@jones.org,Male,1994,Ibadan,Silver
1441,Juan,Stone,judy78@hotmail.com,Male,1987,Enugu,Silver
1442,Jennifer,Armstrong,patriciapeterson@carroll.com,Female,1994,Ibadan,Silver
1443,Michael,Hughes,robert29@smith-smith.org,Male,1981,Abuja,Silver
1444,Denise,Hudson,qwalker@frazier-erickson.com,Female,1984,Ibadan,Silver
1445,Sarah,Mcfarland,derekrios@harrison.com,Female,1995,Kano,Gold
1446,Rachel,Gutierrez,taylorkristen@roberts.org,Male,1995,Abuja,Platinum
1447,Paige,Sanders,brookskristine@terry.org,Male,2001,Ibadan,Silver
1448,Christopher,Miller,frankellis@heath.com,Female,1979,Enugu,Gold
1449,Lauren,Miller,lisagordon@yahoo.com,Male,1985,Enugu,Gold
1450,Joseph,Brown,bauerzachary@shields-thompson.com,Female,1976,Enugu,Gold
1451,Mike,Gregory,robertmolina@gmail.com,Female,1986,Port Harcourt,Silver
1452,Karen,Hayes,mccoyjoel@yahoo.com,Female,1992,Lagos,Silver
1453,Sarah,Hancock,trose@smith.com,Female,1995,Enugu,Silver
1454,James,Glass,lisa81@gmail.com,Female,1990,Abuja,Gold
1455,Ricardo,Hoover,hjones@yahoo.com,Male,1991,Enugu,Gold
1456,Andrew,Fritz,warddouglas@gmail.com,Male,1976,Port Harcourt,Silver
1457,Cory,Ayala,andrew16@burnett.net,Female,1983,Kano,Silver
1458,Thomas,Nelson,igomez@yahoo.com,Female,1984,Abuja,Platinum
1459,Justin,Bryant,dhodge@moyer-anderson.com,Male,1976,Port Harcourt,Gold
1460,Anthony,Johnson,lawrence96@burton.info,Male,1978,Kano,Platinum
1461,David,Williams,walshmichael@smith-hawkins.com,Female,1977,Abuja,Gold
1462,Sara,Johnson,lsims@glover-carpenter.org,Male,1992,Ibadan,Silver
1463,Brittany,Andersen,morgankaren@gmail.com,Female,1998,Lagos,Silver
1464,Laura,Simpson,torresmichael@farrell.com,Male,1987,Lagos,Gold
1465,Jeremy,Brown,danielsimmons@delgado.com,Female,2000,Port Harcourt,Silver
1466,Joseph,Thompson,kylepowers@gmail.com,Male,1999,Kano,Silver
1467,Julie,Robinson,lisayoung@hotmail.com,Female,2004,Lagos,Gold
1468,Connie,Rodriguez,jonesanita@yahoo.com,Male,1987,Kano,Silver
1469,Chris,Anderson,brandiyoung@yahoo.com,Male,1986,Kano,Gold
1470,Shawn,Rosario,aliceschroeder@gmail.com,Female,1983,Port Harcourt,Silver
1471,Darryl,Gilbert,tfloyd@yahoo.com,Male,2000,Port Harcourt,Platinum
1472,Melissa,Martinez,jonathan14@hotmail.com,Female,1993,Port Harcourt,Silver
1473,Emily,Woods,stephensrachel@yahoo.com,Male,2004,Lagos,Silver
1474,Marissa,Brooks,javierhernandez@yahoo.com,Female,2003,Port Harcourt,Gold
1475,Caitlin,Santos,tamara25@haney.com,Male,1972,Lagos,Silver
1476,David,Hopkins,brittany81@coleman-ruiz.com,Female,1995,Port Harcourt,Gold
1477,Erica,Mccann,millerkaren@petersen.com,Male,1992,Enugu,Gold
1478,Kyle,Campbell,mgarcia@gmail.com,Female,1984,Kano,Silver
1479,Keith,Henry,jimenezjohn@yahoo.com,Male,1973,Port Harcourt,Silver
1480,Michael,Yoder,michaelsloan@yahoo.com,Female,1998,Abuja,Silver
1481,Amanda,Silva,smithmichael@gmail.com,Female,1991,Kano,Silver
1482,Melissa,Davis,jgomez@gmail.com,Female,1994,Kano,Platinum
1483,James,Evans,qmullen@tucker.info,Male,1982,Port Harcourt,Gold
1484,Zachary,Chapman,bradshawkyle@atkins-shields.com,Female,1987,Ibadan,Gold
1485,James,Foster,lori88@ritter.com,Male,2002,Port Harcourt,Gold
1486,Samantha,Flores,qjones@yahoo.com,Female,1985,Kano,Silver
1487,Aaron,Thomas,courtney93@gmail.com,Male,1971,Abuja,Platinum
1488,Justin,Rice,debbie30@gmail.com,Female,2004,Kano,Gold
1489,Jennifer,Brown,brooke61@johnson-reilly.com,Male,2003,Abuja,Gold
1490,Kimberly,Cooper,jenniferstewart@yahoo.com,Male,1999,Lagos,Gold
1491,Christopher,Baker,toddkaiser@hotmail.com,Female,1982,Enugu,Silver
1492,Justin,Brown,jacksonmichael@perry-evans.com,Male,1982,Kano,Gold
1493,Michael,Stark,snyderjade@yahoo.com,Male,1987,Port Harcourt,Silver
1494,Andrea,Gutierrez,kingjoseph@west.com,Female,2001,Lagos,Silver
1495,Robert,Robertson,jdavis@hotmail.com,Male,2001,Enugu,Silver
1496,Lisa,Callahan,joelolson@mcintyre.org,Male,2004,Port Harcourt,Platinum
1497,Christopher,Hughes,amy01@gmail.com,Male,1998,Ibadan,Gold
1498,Shannon,Dunn,melissa62@yahoo.com,Female,1998,Port Harcourt,Gold
1499,Mary,Anderson,hsingh@russell.biz,Male,1985,Abuja,Gold
1500,Johnathan,Valdez,walkermichele@roman-beltran.biz,Female,1979,Abuja,Silver
1501,Mark,Hopkins,cindywilson@yahoo.com,Male,1999,Ibadan,Platinum
1502,Savannah,Ramirez,wendyfitzpatrick@king-lewis.org,Male,1994,Lagos,Silver
1503,Heather,Farmer,smithjames@yahoo.com,Male,1989,Enugu,Silver
1504,Timothy,Lane,patrickpineda@yahoo.com,Female,1974,Port Harcourt,Silver
1505,Fred,Thomas,rmorales@gmail.com,Male,1970,Abuja,Gold
1506,Arthur,Henderson,cummingstimothy@berry.com,Male,1999,Lagos,Gold
1507,Rebecca,Keller,elawson@williams.org,Female,1972,Ibadan,Silver
1508,Jessica,Jordan,cfoster@garcia.com,Male,1983,Kano,Silver
1509,Juan,Patel,bradleyrios@yahoo.com,Female,1999,Abuja,Gold
1510,Teresa,Davis,janicebrooks@hartman.net,Female,1973,Ibadan,Silver
1511,Sara,Farmer,tiffanylove@shepherd.com,Male,1987,Port Harcourt,Gold
1512,Katrina,Jones,samuel33@peterson-williams.com,Female,1994,Enugu,Platinum
1513,Jose,Gonzalez,robert72@yahoo.com,Male,1970,Abuja,Silver
1514,Anthony,Johnson,smithholly@gmail.com,Female,1984,Abuja,Silver
1515,Karen,Johnson,mistygreen@owen.com,Female,1978,Port Harcourt,Gold
1516,Amanda,Daniel,eanderson@yahoo.com,Male,1984,Kano,Gold
1517,Patricia,Clark,brendansnyder@romero.com,Female,1993,Lagos,Silver
1518,Nathan,Lucas,curtisjennifer@williams.org,Female,1973,Enugu,Platinum
1519,Travis,Farrell,newtonraymond@goodman.com,Female,1981,Abuja,Silver
1520,Kelly,Johnson,stephenrodriguez@braun-rogers.com,Female,1975,Enugu,Silver
1521,Martha,Fernandez,rodriguezmckenzie@stanton.com,Female,1993,Abuja,Gold
1522,Stefanie,Best,lisaalvarado@gmail.com,Male,1980,Enugu,Gold
1523,Kathryn,Morales,jenniferrogers@mercado.com,Female,1982,Ibadan,Silver
1524,Lauren,Brown,padillajennifer@yahoo.com,Male,2003,Abuja,Gold
1525,Jessica,Barber,elizabethvaldez@gmail.com,Female,1994,Enugu,Silver
1526,Dan,Medina,erika83@carter-monroe.com,Male,1976,Lagos,Silver
1527,Kimberly,Cummings,staceymoore@hotmail.com,Male,1973,Ibadan,Silver
1528,Robert,Meadows,charlottegibson@rich.info,Female,1977,Ibadan,Gold
1529,Alan,Miller,mgutierrez@gmail.com,Female,1989,Lagos,Silver
1530,Matthew,Davis,oedwards@hotmail.com,Female,1998,Enugu,Silver
1531,Stephen,Cohen,heidi25@gmail.com,Male,1979,Port Harcourt,Silver
1532,Jeffrey,Turner,csmith@barber.com,Female,2003,Lagos,Gold
1533,Logan,Wilkins,patriciafowler@hotmail.com,Male,1995,Enugu,Gold
1534,Brandon,Patterson,whitemichael@knox.com,Male,1972,Lagos,Gold
1535,Maria,Hardy,hunter12@yahoo.com,Male,1975,Lagos,Silver
1536,Robert,Knapp,rodriguezstacey@gmail.com,Female,1974,Abuja,Gold
1537,Brent,Pacheco,joshua99@strong-reynolds.com,Female,1974,Enugu,Silver
1538,Emily,Gutierrez,graytina@yahoo.com,Male,1992,Port Harcourt,Gold
1539,Joseph,Hernandez,robinsondylan@gutierrez.biz,Male,1978,Abuja,Platinum
1540,Renee,Reynolds,tamara23@yahoo.com,Female,2004,Lagos,Silver
1541,Jacob,Chan,jsmith@yahoo.com,Male,1989,Kano,Gold
1542,Tara,Cisneros,donnapayne@clark.com,Female,2004,Lagos,Silver
1543,Thomas,Bird,cmccarty@yahoo.com,Male,1987,Lagos,Silver
1544,Terrence,Anderson,wongjames@hotmail.com,Female,1986,Enugu,Silver
1545,Eric,Shaffer,martinezsamuel@gmail.com,Male,1993,Enugu,Silver
1546,Stephanie,Hunt,plopez@wallace.org,Female,1972,Abuja,Silver
1547,Anthony,Marquez,akoch@gmail.com,Male,2001,Port Harcourt,Gold
1548,William,Wilson,edwardryan@rodriguez.com,Female,2004,Abuja,Silver
1549,Richard,Villa,daniellewolf@vaughan.com,Female,1982,Ibadan,Gold
1550,Kevin,Jones,mcclainchristopher@jacobs-fowler.info,Male,1994,Lagos,Silver
1551,Toni,Morales,schultztravis@smith.info,Male,1978,Kano,Silver
1552,Lisa,Williams,jessicapayne@day-reynolds.info,Female,1973,Lagos,Gold
1553,Molly,Hayes,kevin91@allen.com,Male,1983,Lagos,Silver
1554,Steven,Burke,acevedorhonda@houston.info,Female,2003,Abuja,Silver
1555,Kristen,Rhodes,zbailey@pace-reed.com,Male,1980,Kano,Gold
1556,Lauren,Ponce,gkelley@gmail.com,Female,1972,Kano,Silver
1557,Christopher,Hughes,joshuaevans@williams-nunez.com,Female,1997,Kano,Silver
1558,Timothy,Reed,lparrish@rocha-miller.com,Female,1998,Abuja,Silver
1559,Jose,Rose,imarshall@riley.com,Female,1978,Lagos,Platinum
1560,Tina,Gregory,mark17@smith.net,Female,1972,Abuja,Gold
1561,Victoria,Sanchez,laurahuffman@pearson.com,Female,1994,Enugu,Gold
1562,Carmen,Hudson,reederin@walker.com,Male,2003,Enugu,Gold
1563,Miguel,Hunter,williamgriffin@yahoo.com,Male,1981,Abuja,Silver
1564,Brittany,Smith,nathan40@hotmail.com,Male,1978,Kano,Silver
1565,Monique,Rich,torresrobert@yahoo.com,Female,1984,Lagos,Gold
1566,Michael,Young,steven17@mcdowell.com,Female,1994,Abuja,Silver
1567,Lindsey,Hampton,vmiller@yahoo.com,Female,1974,Abuja,Silver
1568,Joseph,Rogers,obrock@hotmail.com,Female,1980,Abuja,Silver
1569,Sandra,Davis,uvasquez@hotmail.com,Male,2003,Ibadan,Silver
1570,Michael,Brown,atapia@white.com,Male,1993,Enugu,Platinum
1571,Cody,Knight,taylorbrennan@gmail.com,Female,1984,Kano,Silver
1572,Dustin,Mccarthy,daniellemurphy@yahoo.com,Male,1977,Port Harcourt,Silver
1573,Jennifer,Jackson,ghammond@oneill-murphy.com,Male,1974,Kano,Silver
1574,Brad,Barton,nbell@alexander.com,Female,1995,Port Harcourt,Platinum
1575,Mary,Kim,jmiller@clark-huffman.com,Male,1987,Ibadan,Silver
1576,Kevin,Smith,jonesjoshua@hotmail.com,Female,1975,Abuja,Silver
1577,Chelsea,Welch,melissa32@gmail.com,Male,1982,Ibadan,Gold
1578,Mario,Parker,billycraig@schultz.com,Female,1997,Ibadan,Gold
1579,Mackenzie,Orr,brownnatalie@yahoo.com,Female,1974,Lagos,Silver
1580,Charles,Moss,colemanmichael@gmail.com,Female,1982,Enugu,Silver
1581,Amanda,Murphy,kristicruz@hotmail.com,Female,1986,Port Harcourt,Silver
1582,Monica,Baird,cindysmith@wright.com,Male,2001,Abuja,Silver
1583,Caitlin,Gardner,welchdaniel@gmail.com,Female,1998,Port Harcourt,Silver
1584,Bradley,Barnett,monicasandoval@reed.com,Female,1972,Kano,Silver
1585,Amanda,Mcgee,michaelcooper@gmail.com,Female,2003,Port Harcourt,Silver
1586,Susan,Wong,romeroscott@yahoo.com,Male,1996,Kano,Silver
1587,Michael,Jimenez,juarezjason@krause.com,Female,1982,Enugu,Gold
1588,Brenda,Jordan,qhiggins@meza-ross.org,Male,2002,Kano,Platinum
1589,George,Cooper,traviskelly@hotmail.com,Female,1975,Port Harcourt,Gold
1590,Douglas,Morris,robertselizabeth@mills-martinez.net,Male,1993,Port Harcourt,Silver
1591,Tiffany,Guerrero,dowens@yahoo.com,Male,1988,Kano,Silver
1592,Diana,Curtis,jack54@dawson.info,Female,1985,Ibadan,Platinum
1593,Stephanie,Cain,oyu@knox-obrien.com,Male,1997,Enugu,Silver
1594,Kimberly,Williams,erik71@smith.net,Female,2002,Lagos,Silver
1595,Katelyn,Lawson,warrenreid@gmail.com,Female,1982,Abuja,Silver
1596,Brandon,Garcia,simonamanda@fischer.net,Female,1994,Port Harcourt,Gold
1597,William,Wallace,maurice04@hunter-burns.com,Male,1996,Abuja,Gold
1598,Walter,Cabrera,cclark@yahoo.com,Male,1976,Lagos,Silver
1599,Brenda,Saunders,tracey61@gmail.com,Female,1974,Abuja,Silver
1600,Lisa,Kelly,ctucker@mcknight.com,Female,2000,Lagos,Platinum
1601,Nicole,Johnson,barbara28@kidd.org,Male,1992,Kano,Silver
1602,Robin,Henderson,gjohnston@snow-cole.biz,Female,1979,Ibadan,Gold
1603,Aaron,Cruz,chris23@reynolds.com,Female,2001,Port Harcourt,Gold
1604,Connor,Ibarra,rogersbryan@gmail.com,Female,1999,Lagos,Gold
1605,Maurice,White,xnguyen@salazar.org,Male,2000,Abuja,Silver
1606,Brandi,Hall,stephaniechase@hotmail.com,Male,1987,Port Harcourt,Silver
1607,James,Rice,frank02@gmail.com,Male,1971,Ibadan,Silver
1608,Michelle,Hale,fsnow@peters.com,Female,1983,Kano,Gold
1609,Logan,Diaz,zjackson@pace.org,Female,1982,Port Harcourt,Platinum
1610,Linda,Thomas,angela71@gmail.com,Female,1998,Lagos,Silver
1611,Christina,Howard,stewartjoanne@hotmail.com,Male,1981,Ibadan,Silver
1612,Jennifer,Hancock,maryjones@moreno-francis.com,Female,1971,Abuja,Platinum
1613,Jerome,Bright,jamesdiaz@scott-walker.net,Female,2001,Ibadan,Gold
1614,Stephanie,Osborn,robert34@gmail.com,Female,1982,Ibadan,Gold
1615,Lawrence,Hardin,darrell36@nielsen.com,Female,1996,Enugu,Silver
1616,Keith,Knight,evan95@thompson.biz,Male,1986,Ibadan,Silver
1617,Sandy,Martinez,stacy01@hernandez-ramirez.com,Male,2000,Ibadan,Gold
1618,Christina,Adams,doughertynicole@hotmail.com,Female,2003,Port Harcourt,Gold
1619,Lisa,Daniels,cbeltran@potts.com,Male,1993,Abuja,Silver
1620,Nicole,Sharp,danielle46@yahoo.com,Male,2004,Port Harcourt,Silver
1621,Jenna,Berry,whitejason@yahoo.com,Female,1975,Port Harcourt,Silver
1622,Howard,Smith,dawnlee@estrada.com,Female,1988,Lagos,Silver
1623,Patrick,Ryan,michaelperry@yahoo.com,Male,1999,Port Harcourt,Silver
1624,Anna,Melton,fshields@hotmail.com,Female,1976,Enugu,Platinum
1625,Sarah,Barnes,anna66@gmail.com,Male,1979,Enugu,Silver
1626,Mark,Garcia,tfletcher@white.com,Female,2001,Lagos,Gold
1627,Keith,Jimenez,martha34@gmail.com,Male,2003,Kano,Silver
1628,Timothy,Atkins,mnguyen@hotmail.com,Female,1997,Abuja,Gold
1629,Melissa,Lopez,michellesharp@johnson-erickson.net,Male,1984,Abuja,Platinum
1630,Kenneth,Hubbard,cookjoseph@lopez.org,Male,1999,Port Harcourt,Silver
1631,Alison,Jackson,daviddyer@gmail.com,Male,1998,Port Harcourt,Silver
1632,Nicholas,Bryant,goodwinderek@kirk-tucker.com,Female,1991,Kano,Silver
1633,Roger,Sanchez,pwhite@yahoo.com,Male,1973,Port Harcourt,Silver
1634,Lauren,Medina,dustincraig@fletcher-smith.info,Male,1989,Abuja,Gold
1635,Rickey,Cruz,joy83@lawrence.com,Female,2001,Ibadan,Platinum
1636,Mark,Salazar,christinathompson@yahoo.com,Female,1973,Enugu,Silver
1637,Kyle,Olson,mary97@robles.com,Male,1996,Ibadan,Silver
1638,Jennifer,Payne,gallegoscarolyn@carter.biz,Male,1986,Ibadan,Silver
1639,Chris,Hines,johnsonbeth@yahoo.com,Female,1981,Abuja,Gold
1640,Sharon,Friedman,tracysmith@mason-mooney.biz,Female,1991,Ibadan,Silver
1641,Kurt,Weaver,jenkinsabigail@gmail.com,Female,1986,Kano,Silver
1642,Andrew,Brown,vincent91@aguilar-jackson.com,Female,1979,Lagos,Gold
1643,Eric,Sherman,dmurillo@murphy.info,Female,1970,Port Harcourt,Gold
1644,Danny,Thomas,patricia79@acosta-li.net,Male,1991,Lagos,Silver
1645,Diana,Gonzales,newmanmichael@yahoo.com,Female,1995,Enugu,Gold
1646,Cynthia,Page,kristine15@hernandez-thomas.com,Male,1987,Port Harcourt,Silver
1647,Jim,Harris,davidmartin@gmail.com,Male,1983,Ibadan,Silver
1648,Carol,Saunders,jasonporter@hotmail.com,Male,1998,Enugu,Gold
1649,Michael,Palmer,adamsmichael@miller.info,Female,1981,Port Harcourt,Gold
1650,Mathew,Ramirez,kennethwilliams@gmail.com,Male,2004,Kano,Silver
1651,Joanna,White,nathan95@yahoo.com,Male,1981,Kano,Silver
1652,Melissa,Munoz,zdixon@may-ramos.com,Female,1976,Kano,Silver
1653,Daniel,Jones,kelly76@gmail.com,Male,1998,Kano,Silver
1654,Kevin,Adams,fordbryce@hotmail.com,Male,1980,Ibadan,Silver
1655,Walter,Robertson,martinoscar@davis-allen.com,Female,2002,Lagos,Silver
1656,Timothy,Mcdonald,jennifer89@yahoo.com,Male,1975,Port Harcourt,Silver
1657,Jennifer,Parker,tommy06@yahoo.com,Male,1984,Ibadan,Gold
1658,Nicole,Dillon,kmaddox@gross.com,Male,2001,Kano,Gold
1659,Michelle,Maldonado,patricia97@gmail.com,Female,1980,Lagos,Gold
1660,Connie,Brown,mendezkayla@yahoo.com,Female,1992,Enugu,Silver
1661,Christina,Macdonald,dianejenkins@donovan.biz,Female,1995,Enugu,Platinum
1662,Lori,Murphy,sullivanelizabeth@perkins.com,Male,2003,Enugu,Gold
1663,Sarah,Page,lawrencecharles@yahoo.com,Male,2003,Kano,Gold
1664,Stephanie,Scott,blackburnjennifer@bond-delgado.com,Female,1998,Enugu,Gold
1665,Robert,Burton,tjames@yahoo.com,Male,1973,Abuja,Platinum
1666,Brian,Caldwell,adamquinn@gmail.com,Male,1986,Port Harcourt,Silver
1667,Jeffrey,Gibson,chavezjennifer@hotmail.com,Female,2004,Port Harcourt,Silver
1668,Steven,Davis,jortega@yahoo.com,Female,1982,Kano,Gold
1669,Ryan,Pham,jayrios@yahoo.com,Male,1984,Abuja,Gold
1670,Lisa,Jones,wnelson@gutierrez.net,Male,1998,Ibadan,Gold
1671,Shannon,Moyer,eward@hotmail.com,Male,1998,Ibadan,Silver
1672,Brenda,Solis,laura98@yahoo.com,Female,1980,Enugu,Silver
1673,Alexis,Smith,edward14@jones-johnson.com,Female,2001,Lagos,Silver
1674,Kenneth,Cole,snichols@cervantes.biz,Female,1971,Ibadan,Platinum
1675,Patricia,Norman,jonathan18@garcia.info,Female,1983,Lagos,Silver
1676,Gwendolyn,Keith,bradleybryan@hotmail.com,Male,1989,Port Harcourt,Silver
1677,Amanda,Pham,umcclain@hotmail.com,Female,1991,Lagos,Silver
1678,Amber,Tran,lmurphy@miller-cunningham.info,Female,1980,Port Harcourt,Silver
1679,Katherine,Moyer,kdouglas@gmail.com,Female,1996,Abuja,Gold
1680,Jason,Hill,katie34@gmail.com,Female,1972,Abuja,Gold
1681,Jennifer,Castillo,snewman@gmail.com,Female,1986,Kano,Gold
1682,Nancy,Miller,robin00@hendricks.org,Male,1997,Kano,Silver
1683,Steven,Reed,sara01@gmail.com,Male,1998,Enugu,Gold
1684,Robert,Stevens,bryanfrazier@page.com,Female,1990,Ibadan,Silver
1685,Victor,Davis,uclark@logan.biz,Male,1985,Enugu,Gold
1686,Douglas,Conley,obailey@alexander.biz,Female,1989,Port Harcourt,Silver
1687,Vincent,Harding,nguyenconnie@gmail.com,Female,1975,Enugu,Silver
1688,Todd,Williams,mitchellbeth@paul.com,Male,1988,Lagos,Gold
1689,Alexander,Munoz,gdominguez@hotmail.com,Male,1974,Port Harcourt,Platinum
1690,Kenneth,Graham,curtistimothy@yahoo.com,Female,1972,Kano,Silver
1691,Robert,Molina,sandersvictor@hotmail.com,Female,1970,Abuja,Gold
1692,Robin,Reed,doughertycatherine@yahoo.com,Female,1984,Kano,Silver
1693,Dustin,Lynch,adrianclay@yahoo.com,Male,2003,Ibadan,Silver
1694,Jeremy,White,maria72@moses-lopez.com,Female,2004,Port Harcourt,Silver
1695,Erik,Glass,davilajeffrey@yahoo.com,Female,1994,Port Harcourt,Silver
1696,Mary,Phelps,christopher45@taylor.com,Female,1993,Lagos,Silver
1697,Robert,Pace,wyu@gmail.com,Male,1981,Ibadan,Silver
1698,Chad,Bryant,hschmidt@gmail.com,Female,1987,Abuja,Silver
1699,Brooke,Hammond,christineobrien@flowers.com,Female,1984,Port Harcourt,Platinum
1700,Blake,Montoya,hudsondanielle@gmail.com,Male,1985,Port Harcourt,Silver
1701,Danielle,Hodge,tfrancis@yahoo.com,Female,1996,Lagos,Gold
1702,Kevin,Little,tmann@lynch-wheeler.net,Female,1977,Enugu,Silver
1703,Anna,Cochran,fowlerthomas@yahoo.com,Male,1994,Abuja,Gold
1704,Katherine,Russell,beth63@brooks.org,Female,1986,Kano,Silver
1705,Kristin,Ball,sbrown@hotmail.com,Male,1998,Ibadan,Silver
1706,Lisa,Barry,fbarnes@reid.com,Male,1977,Port Harcourt,Silver
1707,David,Arnold,courtneyspencer@gmail.com,Female,1984,Port Harcourt,Silver
1708,Denise,Williams,hernandezjames@montgomery.net,Female,1996,Kano,Silver
1709,Tommy,Thompson,vaughnkelsey@davis.com,Female,1976,Abuja,Gold
1710,Robert,Jensen,catherineblack@berry.com,Female,1972,Enugu,Gold
1711,Beth,Lara,jamesmichael@hotmail.com,Male,1998,Port Harcourt,Gold
1712,Martha,Hall,afrye@kennedy.com,Female,1993,Abuja,Gold
1713,Cameron,Gibbs,hannah05@fleming.info,Male,1972,Kano,Silver
1714,Mathew,Wood,jeffrey05@nelson.com,Female,1989,Lagos,Silver
1715,Danielle,Brown,sherri21@palmer.com,Female,1984,Enugu,Silver
1716,Sarah,Stokes,tonishannon@hansen-torres.org,Female,1994,Ibadan,Silver
1717,Chloe,Burnett,dillonsarah@mays.com,Male,1999,Port Harcourt,Silver
1718,Allison,Warren,colejordan@pittman.com,Female,1983,Abuja,Silver
1719,George,Sherman,harrisrachel@anderson.com,Female,1976,Lagos,Silver
1720,Dakota,Ryan,cortezricky@hotmail.com,Female,1986,Ibadan,Silver
1721,Christopher,Hall,bartonedward@baker-jacobs.com,Female,1989,Abuja,Gold
1722,Michael,Pace,sharonayala@gmail.com,Male,1978,Abuja,Gold
1723,Brendan,Peterson,caitlinbaird@gmail.com,Female,1991,Ibadan,Silver
1724,Melissa,Kennedy,lisa46@gmail.com,Male,1971,Lagos,Platinum
1725,Jonathan,Gonzalez,leah35@young-tanner.net,Male,1993,Kano,Platinum
1726,Jerry,Medina,kochrachel@adams-johnson.biz,Male,1977,Lagos,Silver
1727,Christopher,Livingston,garciabrittany@reese-smith.com,Male,1980,Enugu,Silver
1728,Heather,Lara,lisajordan@hotmail.com,Male,1982,Port Harcourt,Silver
1729,Bradley,Copeland,gbarker@hotmail.com,Male,1986,Ibadan,Platinum
1730,Kevin,Henry,rileymaria@gordon.com,Female,1977,Kano,Gold
1731,Regina,Gonzalez,ysimmons@hunt-scott.biz,Male,1990,Ibadan,Silver
1732,Danny,Williams,jason48@yahoo.com,Male,1987,Ibadan,Silver
1733,Anthony,Thompson,todd57@yahoo.com,Male,1999,Lagos,Silver
1734,Rick,Garcia,rachel51@wilson.com,Female,1987,Port Harcourt,Silver
1735,David,Harrison,kari02@gmail.com,Female,2000,Enugu,Silver
1736,Michael,Daniels,robert89@santana.com,Male,2001,Abuja,Gold
1737,Robin,Murray,karenmoyer@moore.info,Female,1980,Abuja,Gold
1738,Gregory,Wilson,nhawkins@gmail.com,Male,1994,Ibadan,Gold
1739,Matthew,Weeks,hobbsheather@johnson.com,Male,2002,Port Harcourt,Gold
1740,Emily,Howard,mosskenneth@mcdaniel-howe.com,Female,1977,Kano,Gold
1741,Diane,Kerr,brentalvarez@gmail.com,Male,1980,Lagos,Silver
1742,Tina,Taylor,david91@cardenas.com,Female,1991,Port Harcourt,Gold
1743,Cynthia,Reynolds,farmerbecky@hotmail.com,Female,1993,Port Harcourt,Silver
1744,Michael,French,yhernandez@gmail.com,Male,1986,Lagos,Gold
1745,Amber,West,meagan68@hotmail.com,Male,1981,Ibadan,Silver
1746,Katherine,Ramirez,allenlydia@dawson.org,Female,2001,Port Harcourt,Gold
1747,Pamela,Jones,steven39@hotmail.com,Male,1984,Abuja,Silver
1748,Jane,Sims,klewis@gmail.com,Male,1985,Lagos,Silver
1749,Donald,Morales,glennjillian@gmail.com,Male,1991,Kano,Silver
1750,John,Williams,rstewart@hotmail.com,Female,1997,Enugu,Silver
1751,Jessica,Glass,davisjames@gmail.com,Female,1989,Ibadan,Gold
1752,Alexis,Kirby,michelle72@richardson.com,Male,2002,Lagos,Gold
1753,Chris,Mcneil,debrachoi@hill-obrien.biz,Female,1979,Enugu,Silver
1754,Alfred,Spencer,alexmiller@hotmail.com,Female,2001,Enugu,Silver
1755,George,Turner,katie26@yahoo.com,Female,2002,Kano,Silver
1756,Ronald,Green,kaylahudson@yahoo.com,Female,1971,Port Harcourt,Silver
1757,Bridget,Johnson,zramirez@gmail.com,Female,2002,Kano,Silver
1758,Brenda,Chambers,fosterjoshua@davidson-cameron.info,Male,2002,Port Harcourt,Gold
1759,Bryan,Shelton,bradfordmonica@castro.net,Male,1982,Port Harcourt,Silver
1760,Keith,Lewis,imaxwell@gonzalez-williams.com,Male,1999,Lagos,Silver
1761,John,Hernandez,dowens@morton.com,Female,2002,Lagos,Silver
1762,Jeff,Hansen,brandon19@yahoo.com,Female,1982,Ibadan,Silver
1763,Elizabeth,Vasquez,wheelerchristian@gmail.com,Male,1995,Port Harcourt,Silver
1764,Monica,Lam,walkerandrew@taylor-cobb.org,Female,1991,Enugu,Gold
1765,Jose,Holt,nrichmond@hawkins.info,Male,1971,Abuja,Silver
1766,Steven,Wise,gonzalezjennifer@allen-gonzalez.biz,Male,1995,Ibadan,Silver
1767,Isabel,Long,ajones@hotmail.com,Male,1984,Lagos,Silver
1768,Laura,Brown,qlandry@scott.com,Female,2003,Kano,Silver
1769,Ruben,Collins,zmann@jones.net,Female,1980,Ibadan,Silver
1770,Vickie,Espinoza,cathyperry@mason.com,Male,1972,Ibadan,Platinum
1771,Mathew,Jackson,tiffany72@hotmail.com,Male,1975,Ibadan,Gold
1772,Dustin,Orr,randallwheeler@gmail.com,Male,1978,Ibadan,Silver
1773,Jonathan,Cuevas,foxmckenzie@yahoo.com,Male,1975,Abuja,Silver
1774,Alexis,Russo,blairmichael@hotmail.com,Female,1978,Kano,Silver
1775,Jamie,Hamilton,bauerkeith@brown-crawford.com,Female,2000,Kano,Silver
1776,Ross,Chapman,christophersnyder@hernandez.com,Male,2001,Kano,Gold
1777,Blake,Lawrence,adamswayne@yahoo.com,Male,1981,Port Harcourt,Gold
1778,Tasha,Flowers,williamjones@hotmail.com,Female,1977,Enugu,Silver
1779,Cassandra,Ewing,gerald56@hotmail.com,Female,1977,Kano,Silver
1780,Sarah,Roberts,adkinsmorgan@parker.com,Male,1997,Ibadan,Silver
1781,Angela,Jones,tracy47@evans.com,Male,1989,Ibadan,Gold
1782,John,Mcguire,sanderssarah@george-lynch.net,Male,1976,Kano,Gold
1783,Christopher,Brown,perezapril@mack.com,Female,1980,Kano,Silver
1784,Dorothy,Villanueva,obriensean@boyer.com,Female,1989,Ibadan,Silver
1785,Shane,Cantu,grantnicole@hotmail.com,Female,1985,Port Harcourt,Gold
1786,Craig,Levy,jennifermorse@russell.com,Male,1973,Lagos,Silver
1787,Connie,Howard,karenpatterson@lopez.com,Male,1975,Lagos,Silver
1788,Kimberly,Crane,kevin97@flores-compton.com,Female,1991,Kano,Silver
1789,Andrea,Lopez,cruzmichelle@brown.net,Female,1995,Abuja,Gold
1790,Brian,Gordon,joshuabishop@knight.com,Male,1972,Kano,Silver
1791,Richard,Harrell,douglashicks@gmail.com,Female,1983,Kano,Silver
1792,Pamela,Simon,courtneyalvarez@garcia.com,Female,1980,Lagos,Gold
1793,Dawn,Hughes,rjackson@gmail.com,Male,1987,Ibadan,Silver
1794,Dawn,Williams,adam26@kaufman.net,Female,1981,Kano,Silver
1795,Clarence,Hall,carterjames@hotmail.com,Male,1992,Ibadan,Silver
1796,Jennifer,Joyce,marshallryan@hubbard.com,Male,1981,Ibadan,Silver
1797,Jennifer,Kim,timothybrown@yahoo.com,Male,1982,Abuja,Gold
1798,Natalie,Snyder,lynchmanuel@hotmail.com,Male,1994,Ibadan,Silver
1799,Michael,Parker,rachaelnielsen@gmail.com,Male,1988,Lagos,Silver
1800,Susan,Johnson,michaelhale@yahoo.com,Male,1977,Port Harcourt,Silver
1801,Jose,Adams,thomasmelissa@yahoo.com,Male,1998,Port Harcourt,Gold
1802,Jennifer,Moreno,theodorebrown@gmail.com,Female,2001,Enugu,Gold
1803,Grace,King,btravis@gmail.com,Male,1987,Kano,Silver
1804,Carol,Thomas,drobertson@gmail.com,Male,1975,Lagos,Silver
1805,Jacob,Cook,rachel05@yahoo.com,Female,1987,Ibadan,Gold
1806,Michele,Olson,mcphersonkimberly@martinez.biz,Female,1988,Port Harcourt,Silver
1807,Justin,Neal,krichardson@campos-oliver.com,Female,1991,Lagos,Gold
1808,Ashley,Davis,graywilliam@yahoo.com,Male,2001,Port Harcourt,Gold
1809,Allison,Mccoy,dcortez@cabrera-jones.com,Female,1972,Ibadan,Gold
1810,Benjamin,Lang,wramos@archer.biz,Male,1997,Port Harcourt,Silver
1811,Paul,Nguyen,smithrachael@gmail.com,Male,1979,Kano,Silver
1812,Jason,Garcia,marythompson@douglas.com,Male,2004,Kano,Gold
1813,Heidi,Wells,kimberly28@gmail.com,Male,1998,Enugu,Silver
1814,Brian,Hurst,johnsonronald@ruiz.com,Female,1984,Enugu,Silver
1815,Wendy,Zamora,rebecca19@myers-francis.com,Female,2002,Port Harcourt,Gold
1816,Tracey,Kline,bellkatherine@brown.com,Male,1976,Lagos,Gold
1817,Shawn,Hammond,orrwilliam@mccall-walls.com,Male,1981,Kano,Silver
1818,Stephen,Lynch,isantos@hotmail.com,Male,1999,Lagos,Silver
1819,Julie,Hernandez,shawn65@yahoo.com,Female,1990,Lagos,Silver
1820,Christina,Kennedy,carla07@gordon-thomas.com,Male,2000,Port Harcourt,Gold
1821,Brett,Patterson,alexandra57@gmail.com,Male,1993,Lagos,Platinum
1822,Christopher,Gaines,davenportnathan@evans.com,Female,1989,Kano,Silver
1823,Donna,Rhodes,kathygrant@gmail.com,Female,1973,Ibadan,Silver
1824,Steven,Davis,andrea57@ramirez.com,Male,1997,Enugu,Gold
1825,James,Garrett,pchang@cameron-graves.com,Female,1989,Ibadan,Silver
1826,Todd,Williams,cody55@martin.org,Female,1993,Lagos,Silver
1827,Kathleen,Henderson,nicholaspeterson@yahoo.com,Male,2001,Ibadan,Platinum
1828,Cole,Hill,perezbrianna@yahoo.com,Female,2003,Kano,Silver
1829,Troy,Davis,pwilson@jones.com,Male,1971,Kano,Gold
1830,Laura,Walsh,sharon33@yahoo.com,Female,1984,Lagos,Silver
1831,Amanda,Crane,ecarter@yahoo.com,Male,2003,Port Harcourt,Silver
1832,Karen,Gutierrez,bonnie91@taylor-brewer.com,Male,1975,Ibadan,Gold
1833,Ashley,Serrano,rochavictor@park.net,Male,1981,Port Harcourt,Silver
1834,Kevin,Young,ashleyblevins@long.com,Female,1972,Port Harcourt,Platinum
1835,Jennifer,Brooks,michaelharris@yahoo.com,Male,1987,Abuja,Silver
1836,Louis,Dixon,barrlinda@hotmail.com,Female,1990,Lagos,Silver
1837,Alan,Rodriguez,sabrinaford@yahoo.com,Male,1984,Enugu,Silver
1838,Darrell,Benson,bonillajeffrey@hotmail.com,Male,2002,Kano,Silver
1839,Brandon,Harris,james63@hotmail.com,Female,2004,Kano,Silver
1840,John,Palmer,vgonzalez@barton-wolfe.com,Male,1995,Lagos,Silver
1841,Cheryl,Watson,bjohnson@thomas-perkins.com,Male,1977,Enugu,Silver
1842,Anna,Smith,rileyrachael@hotmail.com,Female,1999,Kano,Silver
1843,James,Barrett,zmejia@gmail.com,Male,1992,Lagos,Gold
1844,Diane,Norton,jacquelineperry@melendez.com,Male,1983,Kano,Gold
1845,Lisa,Myers,michaelwilliams@martinez.com,Male,1983,Port Harcourt,Gold
1846,Dennis,Wallace,kcollins@gmail.com,Male,1971,Ibadan,Silver
1847,Debra,Mitchell,nina33@hotmail.com,Female,1974,Ibadan,Silver
1848,Sean,Copeland,cynthiamiller@murphy.com,Female,1983,Kano,Gold
1849,Travis,Wells,uobrien@reeves.biz,Male,1994,Abuja,Silver
1850,Charles,Lewis,stephaniefernandez@hotmail.com,Female,1989,Enugu,Silver
1851,Kendra,Pena,mark38@cervantes.com,Male,1971,Enugu,Gold
1852,Melissa,Mckay,mendezmonica@gmail.com,Female,1975,Enugu,Gold
1853,Travis,Hall,lisa63@fletcher-hernandez.net,Male,1986,Port Harcourt,Silver
1854,Michelle,Reed,jonesethan@duke-pierce.info,Male,1994,Enugu,Silver
1855,Jorge,Underwood,iadams@yahoo.com,Male,1997,Ibadan,Gold
1856,Ashley,Garcia,rfoster@yahoo.com,Male,1971,Port Harcourt,Silver
1857,Natalie,French,heatherlawrence@yahoo.com,Male,2004,Lagos,Gold
1858,Tommy,Lester,shaun45@clark.info,Male,1974,Enugu,Gold
1859,Lauren,Garcia,wellsroger@lyons.com,Female,1970,Enugu,Gold
1860,Philip,Mitchell,pfrost@foster-mann.com,Male,1981,Lagos,Silver
1861,Brenda,Pruitt,brownchristopher@moore.net,Female,1992,Enugu,Silver
1862,Paula,Williams,bakeradam@alvarez-williams.com,Male,2000,Lagos,Gold
1863,Tamara,Cross,amy18@ward-nguyen.info,Female,1980,Port Harcourt,Gold
1864,Alexander,Jackson,idickerson@scott-alexander.net,Female,1979,Ibadan,Gold
1865,Heather,Simon,jonathanbarton@rogers.biz,Female,1972,Lagos,Silver
1866,Daniel,Bridges,kimberly13@johnson-watkins.com,Male,1983,Abuja,Silver
1867,Matthew,Giles,oschroeder@taylor.info,Male,1985,Lagos,Gold
1868,Catherine,Mays,bthompson@yahoo.com,Female,1979,Enugu,Gold
1869,James,Rodriguez,nnelson@hotmail.com,Male,1998,Port Harcourt,Platinum
1870,Peter,Bailey,garzakenneth@yahoo.com,Female,1979,Kano,Gold
1871,Edward,Morris,fordjason@turner.org,Male,1981,Port Harcourt,Silver
1872,Dominic,Warren,whitney87@hotmail.com,Female,1999,Kano,Gold
1873,Wanda,Williams,millersuzanne@garrett.com,Female,1970,Lagos,Gold
1874,Brad,Werner,pattersonmark@hotmail.com,Male,1974,Ibadan,Silver
1875,Kathleen,Spencer,jchase@hotmail.com,Female,1989,Abuja,Gold
1876,Chelsea,Burke,ewilliams@meyers.biz,Male,1977,Port Harcourt,Silver
1877,Ariana,Hill,dawsonandrew@hotmail.com,Female,1981,Enugu,Silver
1878,William,Sheppard,sydneyalexander@hotmail.com,Female,1970,Kano,Gold
1879,Jennifer,Williams,briannafreeman@gmail.com,Male,1989,Enugu,Silver
1880,Jennifer,Yates,murraymegan@gmail.com,Male,1997,Ibadan,Silver
1881,Cameron,Carpenter,fvasquez@gmail.com,Male,1981,Kano,Silver
1882,Vanessa,Watson,usimpson@hotmail.com,Female,1997,Port Harcourt,Silver
1883,Tyler,Hayes,matthewkoch@campbell.biz,Male,1984,Lagos,Silver
1884,Sue,Mann,thomas69@martin.com,Female,1975,Enugu,Silver
1885,Robert,Hurley,martineztracy@hall-daniels.org,Female,1989,Ibadan,Platinum
1886,Carolyn,Hill,greengregory@hampton-scott.com,Male,1983,Port Harcourt,Silver
1887,Anthony,James,bellbrittany@hotmail.com,Male,1971,Port Harcourt,Silver
1888,Tiffany,Wheeler,robert97@gmail.com,Female,1978,Port Harcourt,Silver
1889,Ryan,Ortiz,bmcpherson@gmail.com,Female,1989,Port Harcourt,Gold
1890,Lisa,Hernandez,cheryl94@gmail.com,Male,1995,Kano,Silver
1891,Holly,Fowler,brandonrobinson@hotmail.com,Male,1998,Port Harcourt,Gold
1892,Frank,Cooper,amoore@reed-ramirez.info,Male,1970,Enugu,Gold
1893,Catherine,Doyle,valeriehodges@dyer.com,Male,2004,Ibadan,Gold
1894,John,Murray,halllauren@smith.biz,Male,1975,Kano,Silver
1895,Daniel,Brown,barbara33@banks.org,Female,1974,Port Harcourt,Gold
1896,Nicole,Sullivan,anthony97@rhodes.info,Female,2002,Abuja,Silver
1897,Travis,Olsen,barbaraanderson@gmail.com,Female,1983,Abuja,Platinum
1898,Bradley,Carpenter,danielle64@gmail.com,Female,1981,Ibadan,Gold
1899,James,Huff,wilsondavid@livingston.info,Male,1989,Lagos,Silver
1900,Kristina,Davis,iyoung@wood-scott.com,Male,1993,Lagos,Silver
1901,Michael,Howell,kim65@armstrong-hicks.com,Male,2003,Kano,Silver
1902,Erika,Nelson,joshuabrown@wallace.com,Female,1994,Kano,Gold
1903,Jessica,Pearson,grantstephen@yahoo.com,Female,1998,Kano,Silver
1904,Grace,Ray,dawnelliott@wright-thompson.com,Male,2000,Lagos,Silver
1905,Melinda,Baird,kevinflores@stewart.com,Male,1992,Abuja,Silver
1906,Troy,Daniel,brian02@hotmail.com,Female,1989,Lagos,Gold
1907,Amber,Patel,hawkinslori@yahoo.com,Female,1992,Enugu,Gold
1908,Ronald,Adams,matthew13@jones-newman.com,Male,1985,Port Harcourt,Gold
1909,Alexa,Delgado,wlawrence@yahoo.com,Male,1977,Kano,Gold
1910,Carlos,Rodriguez,mitchellbrenda@rice.com,Female,1990,Abuja,Silver
1911,Robert,Elliott,thompsonlaurie@mitchell-sweeney.net,Male,1970,Ibadan,Silver
1912,Edwin,Randall,perryjennifer@hotmail.com,Male,1977,Ibadan,Gold
1913,Billy,Gibson,yujason@hotmail.com,Male,1998,Port Harcourt,Silver
1914,Jessica,Armstrong,kristenmercer@moore.info,Female,2001,Abuja,Silver
1915,Kimberly,Avery,nortonbarbara@erickson.org,Female,1974,Lagos,Silver
1916,Morgan,Abbott,anthony65@hotmail.com,Female,1991,Lagos,Silver
1917,Alvin,Ross,pamelachristian@gmail.com,Female,2003,Enugu,Silver
1918,David,Valenzuela,omcdowell@walker-anderson.net,Female,1970,Enugu,Gold
1919,John,Vang,john52@hotmail.com,Female,1995,Lagos,Silver
1920,David,Tyler,jessica18@gmail.com,Female,1979,Ibadan,Silver
1921,Madison,Powers,lgarner@hotmail.com,Male,1999,Kano,Silver
1922,Alyssa,Vaughn,amandaherrera@yahoo.com,Male,1987,Ibadan,Gold
1923,Jennifer,Wilson,khancaleb@johnson.com,Male,1986,Enugu,Silver
1924,Jerry,Bailey,rdixon@gmail.com,Male,1995,Port Harcourt,Gold
1925,Caleb,Welch,waltondiana@hotmail.com,Male,1977,Lagos,Gold
1926,Steven,Martin,christinaharris@morris.com,Male,1981,Enugu,Silver
1927,Tricia,Parker,sandersjoyce@yahoo.com,Male,1996,Enugu,Platinum
1928,Christopher,Shah,alfred71@smith.com,Female,1977,Kano,Platinum
1929,Robert,Lee,glennkennedy@gmail.com,Female,1994,Lagos,Gold
1930,Brian,Sims,lmiller@hotmail.com,Male,1973,Kano,Gold
1931,Ryan,Perry,michaelortiz@yahoo.com,Male,2002,Lagos,Silver
1932,Clarence,Scott,james42@hotmail.com,Female,1970,Kano,Silver
1933,Joe,White,sylviajohnson@hardin-finley.com,Male,1988,Ibadan,Silver
1934,Melissa,Francis,johnny58@watson.org,Male,2000,Port Harcourt,Silver
1935,Scott,Hernandez,kellykyle@yahoo.com,Female,1985,Port Harcourt,Platinum
1936,Amy,Bryan,briansmith@hotmail.com,Male,1983,Lagos,Silver
1937,Andrew,Aguirre,trogers@cook-case.info,Female,1974,Abuja,Gold
1938,Timothy,Kent,daughertymitchell@petersen-contreras.info,Male,1995,Enugu,Gold
1939,Frank,Reynolds,tina13@noble.com,Female,1997,Enugu,Gold
1940,Timothy,Miller,patricia90@dyer.biz,Female,1971,Lagos,Platinum
1941,Beth,Brown,gutierreztiffany@gmail.com,Female,1975,Kano,Silver
1942,Maria,Lopez,ricky44@yahoo.com,Male,1978,Abuja,Silver
1943,Jerry,Miller,price@yahoo.com,Female,2002,Ibadan,Silver
1944,Peggy,Miller,wendycabrera@clark.info,Male,1994,Kano,Silver
1945,Tina,Ibarra,dthomas@gmail.com,Male,1982,Kano,Silver
1946,Bruce,Stephens,gmcdaniel@gmail.com,Male,1978,Lagos,Silver
1947,Michael,Bruce,knightpamela@yahoo.com,Male,1982,Lagos,Gold
1948,Joseph,Collins,lmarshall@hotmail.com,Female,2000,Enugu,Silver
1949,Angela,Nelson,adam18@cline.com,Female,1980,Lagos,Silver
1950,Kara,Martin,lauren37@yahoo.com,Male,1973,Lagos,Gold
1951,Gina,Lloyd,pattersonbrian@hotmail.com,Male,2003,Lagos,Silver
1952,Scott,Davis,qgentry@lara.net,Female,1973,Enugu,Silver
1953,Mary,Joseph,huangjoanna@liu-howell.net,Male,1988,Ibadan,Gold
1954,Stephanie,Olsen,christopher80@mcdaniel-cole.com,Female,1975,Ibadan,Gold
1955,James,Branch,matthewwilliamson@haas.com,Male,2003,Lagos,Gold
1956,Kyle,Smith,alexandrawashington@gmail.com,Male,1987,Enugu,Silver
1957,Christina,Wilcox,aguilarerin@chapman-beck.info,Female,1982,Ibadan,Gold
1958,Joseph,Rollins,kimberly66@mckee.com,Male,1992,Kano,Gold
1959,Desiree,Freeman,peter50@gmail.com,Female,1988,Ibadan,Silver
1960,Catherine,Payne,ldillon@yahoo.com,Male,1980,Ibadan,Gold
1961,Juan,Miller,reevescory@morgan-leblanc.com,Male,1970,Enugu,Gold
1962,Mark,Howard,dianewhite@gmail.com,Male,1993,Kano,Silver
1963,Brenda,Williams,xporter@abbott-mcdonald.com,Female,1976,Enugu,Silver
1964,Aaron,Mathis,lmoore@mills.info,Male,1994,Lagos,Platinum
1965,William,Lee,ingramrichard@gmail.com,Male,1990,Port Harcourt,Gold
1966,Matthew,Craig,andersonchristine@gmail.com,Male,1984,Ibadan,Silver
1967,John,Cantrell,kruegercharles@yahoo.com,Male,1970,Port Harcourt,Gold
1968,Julie,Frederick,tcollier@shaw-soto.net,Female,1981,Enugu,Silver
1969,Gregory,Reeves,dking@dixon-horne.net,Female,1976,Enugu,Silver
1970,Christina,Jacobs,vbeard@gmail.com,Male,1984,Enugu,Silver
1971,Joshua,Brown,nicholasallen@hotmail.com,Female,1990,Port Harcourt,Platinum
1972,Sheri,Preston,michaellopez@miller-ortiz.net,Male,1988,Enugu,Platinum
1973,Kenneth,Adams,paulhoover@barnett.com,Male,1998,Lagos,Silver
1974,Nina,Brown,mayholly@hotmail.com,Male,1994,Enugu,Silver
1975,Phillip,Jimenez,gomezrachel@gmail.com,Female,2002,Abuja,Silver
1976,Patrick,Neal,foleydalton@yahoo.com,Female,2001,Port Harcourt,Platinum
1977,Adam,Wade,paulryan@yahoo.com,Female,2004,Abuja,Platinum
1978,Anthony,Powell,zacharyroth@gmail.com,Female,1995,Enugu,Gold
1979,Andrew,Schwartz,emily84@park.com,Female,1980,Lagos,Gold
1980,Cameron,Hutchinson,jason13@mitchell.com,Female,2004,Ibadan,Gold
1981,Danielle,Brown,brianhill@stevens.com,Female,1977,Kano,Silver
1982,Meredith,Wade,michaelparks@gmail.com,Female,1983,Kano,Silver
1983,Anthony,Reynolds,pcox@hotmail.com,Female,1979,Enugu,Silver
1984,Deborah,Robles,paul50@barber.net,Male,1971,Lagos,Gold
1985,Chad,Snyder,james52@howard.net,Female,1978,Port Harcourt,Gold
1986,Sharon,Lamb,hodgesgrace@gmail.com,Female,1972,Abuja,Silver
1987,Casey,Castillo,taylor42@hotmail.com,Female,1990,Abuja,Platinum
1988,Bailey,Reid,johnsonlouis@hill.com,Female,1995,Abuja,Silver
1989,David,Reynolds,anthony80@walsh-orozco.com,Female,1977,Port Harcourt,Silver
1990,Erin,Garcia,janetcurtis@lewis.com,Female,1971,Kano,Gold
1991,Susan,Davis,katrinadavis@gross.biz,Female,1975,Lagos,Gold
1992,Jennifer,Davis,tiffanyrobertson@gmail.com,Female,1997,Port Harcourt,Gold
1993,Vanessa,Bond,loganrobert@yahoo.com,Female,1998,Abuja,Silver
1994,Cynthia,Taylor,thomascharles@reyes-floyd.com,Female,1995,Enugu,Silver
1995,Anthony,Palmer,stephaniewyatt@hotmail.com,Female,1994,Ibadan,Gold
1996,Victor,Michael,jaredfritz@pope-lynch.com,Male,1981,Port Harcourt,Silver
1997,Natalie,Perry,erin85@dixon.com,Male,1974,Port Harcourt,Silver
1998,Timothy,Lane,jade39@gmail.com,Female,2003,Lagos,Gold
1999,Nichole,Rogers,isabella96@gmail.com,Female,1984,Lagos,Silver
2000,Joseph,Greene,deverett@hotmail.com,Male,1984,Port Harcourt,Gold
2001,Travis,Jones,matthewwilliams@hotmail.com,Female,1992,Abuja,Gold
2002,George,Cunningham,heathersnyder@cook.com,Male,1975,Ibadan,Silver
2003,Caroline,Brown,fthomas@morgan-little.net,Male,1990,Lagos,Silver
2004,Brian,Davis,jennifer00@russo.com,Male,1992,Abuja,Gold
2005,Andrew,Kim,gregorymorgan@yahoo.com,Male,1985,Enugu,Gold
2006,Robin,Green,brendapeterson@baker.net,Male,1984,Lagos,Gold
2007,Jasmin,White,lisa51@gmail.com,Female,1994,Abuja,Gold
2008,Kimberly,Lawson,rlara@gmail.com,Male,1980,Abuja,Gold
2009,Abigail,Hammond,brooksjoseph@yahoo.com,Female,1984,Ibadan,Platinum
2010,Susan,Riggs,juan02@sparks.com,Female,1973,Ibadan,Silver
2011,Brandon,Clay,coryhess@gmail.com,Male,1990,Enugu,Silver
2012,Sara,Jones,sherriwhite@blake-allen.com,Male,1982,Abuja,Silver
2013,Sean,Perry,william92@hotmail.com,Female,1991,Kano,Silver
2014,Chase,Hale,susan98@yahoo.com,Male,1988,Abuja,Silver
2015,Kayla,Johnston,ole@yahoo.com,Male,2003,Ibadan,Silver
2016,Lori,Richards,wmitchell@hotmail.com,Female,1983,Kano,Platinum
2017,Justin,Brown,kaitlin97@harper-rivers.com,Female,1973,Lagos,Silver
2018,Michelle,Moore,loganangela@hotmail.com,Male,1996,Lagos,Silver
2019,Tony,Santos,vangtammy@hotmail.com,Female,1998,Port Harcourt,Silver
2020,Donald,Davies,bking@gmail.com,Male,1997,Ibadan,Silver
2021,Crystal,Ruiz,jeffbaker@lewis.com,Male,2004,Port Harcourt,Silver
2022,Marcus,Rodriguez,martin92@dunn.org,Male,1977,Kano,Silver
2023,Katherine,Davidson,kenneth25@yahoo.com,Female,1985,Ibadan,Silver
2024,Angel,Davis,jenniferbrennan@yahoo.com,Female,1999,Enugu,Gold
2025,Monica,Estes,jacquelineanderson@bush-drake.com,Female,1987,Abuja,Gold
2026,Melinda,Benson,martinezbradley@hotmail.com,Female,1971,Enugu,Gold
2027,Robert,Cox,melissagallegos@fox-brown.biz,Female,1982,Kano,Gold
2028,Cassandra,Bowen,briankelley@hotmail.com,Male,1973,Ibadan,Silver
2029,Victoria,Sharp,leonard76@gmail.com,Male,1995,Kano,Gold
2030,Courtney,Pacheco,jasmine06@hotmail.com,Male,1994,Abuja,Gold
2031,Stanley,Coleman,larsenryan@gmail.com,Male,1999,Lagos,Silver
2032,Alexander,Vang,dianaholt@yahoo.com,Female,1980,Lagos,Gold
2033,Luis,Schneider,matthewleblanc@gmail.com,Male,1976,Kano,Silver
2034,Vincent,Braun,qrodriguez@yahoo.com,Female,2000,Port Harcourt,Gold
2035,Michael,Miles,mitchelllisa@white.com,Male,1979,Ibadan,Platinum
2036,Tyler,Rubio,uschmidt@nunez.org,Female,1982,Ibadan,Silver
2037,Tina,Walker,james46@yahoo.com,Female,2000,Lagos,Gold
2038,Scott,Griffin,laurensmith@anderson.org,Male,1976,Enugu,Gold
2039,Jodi,Tapia,bakerbradley@jones.org,Male,1989,Abuja,Platinum
2040,Amanda,West,ojones@graves.net,Male,1973,Enugu,Silver
2041,Lori,Mcdowell,christianrobinson@hotmail.com,Male,1976,Enugu,Gold
2042,Tiffany,Kelly,srich@berg-mcintyre.com,Female,1970,Kano,Silver
2043,Kim,Miller,scottsmith@campos-hill.com,Male,1982,Lagos,Silver
2044,Gabriel,Olson,ohaney@johnson-garcia.com,Male,1991,Lagos,Silver
2045,Ashley,Wilson,stephanie47@davis.com,Female,1990,Lagos,Platinum
2046,Christine,Dunn,tyrone07@taylor.biz,Male,1991,Kano,Gold
2047,Nancy,Patel,carla49@hotmail.com,Male,1997,Port Harcourt,Gold
2048,Karen,Day,russellpaul@wells.net,Male,1978,Enugu,Platinum
2049,Scott,Valentine,russelltraci@hotmail.com,Male,1995,Kano,Silver
2050,Lisa,Young,amyharris@hotmail.com,Male,1978,Ibadan,Silver
2051,Kristopher,Zamora,berrychristian@yahoo.com,Female,1984,Abuja,Silver
2052,Margaret,Hill,jwest@gmail.com,Male,1979,Port Harcourt,Silver
2053,Lauren,Patterson,donna81@gonzalez-ingram.com,Male,1993,Ibadan,Silver
2054,Jonathan,Bryant,judithstone@matthews.com,Male,1977,Enugu,Silver
2055,Ryan,Duke,lowechristopher@sherman.biz,Male,1993,Lagos,Silver
2056,Adam,Reilly,omcdaniel@gmail.com,Male,1985,Enugu,Silver
2057,Matthew,Gomez,hgallagher@ryan.com,Female,1995,Kano,Silver
2058,William,Mendoza,prowe@mitchell.info,Male,1996,Abuja,Silver
2059,Julie,Parsons,smithalyssa@yahoo.com,Female,1973,Kano,Platinum
2060,Heather,Richmond,susan01@gmail.com,Female,1993,Port Harcourt,Gold
2061,Anthony,Thompson,davilacurtis@little.com,Male,1988,Port Harcourt,Platinum
2062,Crystal,Hoover,mackenziesmith@yahoo.com,Male,1979,Abuja,Silver
2063,Ronald,David,alexandramurray@yahoo.com,Male,1994,Ibadan,Silver
2064,Susan,Murray,john31@mitchell.biz,Male,1987,Ibadan,Gold
2065,Lori,Jackson,teresacox@gmail.com,Female,1988,Port Harcourt,Silver
2066,Patricia,Palmer,tamararasmussen@yahoo.com,Male,1979,Port Harcourt,Silver
2067,Tanya,Simmons,danderson@gmail.com,Male,2002,Lagos,Silver
2068,Eric,Rodriguez,jose83@yahoo.com,Male,1974,Ibadan,Silver
2069,Christopher,Odom,perrysarah@brown.com,Male,2004,Abuja,Silver
2070,Cynthia,Fry,gserrano@hotmail.com,Male,2003,Ibadan,Silver
2071,Valerie,Archer,henry11@yahoo.com,Male,2002,Lagos,Gold
2072,Amanda,Thompson,hgutierrez@spencer-martin.com,Female,1990,Kano,Silver
2073,Lori,Jones,ashleychaney@moreno-pugh.biz,Female,1986,Port Harcourt,Silver
2074,Miguel,Hester,jacoballen@torres.com,Male,1991,Port Harcourt,Gold
2075,Rhonda,Kelley,michael43@wilson-decker.info,Male,1984,Lagos,Silver
2076,Jonathan,Day,laura52@adkins-sanders.biz,Male,2004,Abuja,Silver
2077,John,Garcia,richardsdavid@floyd-shaw.com,Female,1997,Port Harcourt,Gold
2078,Laura,Walls,manuellee@gmail.com,Male,1976,Enugu,Silver
2079,Richard,Bryant,charlesrojas@gmail.com,Female,2001,Port Harcourt,Silver
2080,Alexandra,Downs,bpadilla@phillips-smith.com,Male,1980,Enugu,Silver
2081,Joanna,Hebert,erica34@gmail.com,Male,1979,Lagos,Silver
2082,April,Mercer,martinezjohn@gmail.com,Male,1978,Lagos,Silver
2083,Erica,Lin,ginaquinn@yahoo.com,Male,1983,Port Harcourt,Gold
2084,Yolanda,Clay,daniel65@hotmail.com,Female,1982,Ibadan,Silver
2085,Randy,Carter,oevans@bowman.biz,Female,1994,Enugu,Silver
2086,Luke,Mason,kwade@hotmail.com,Male,1971,Abuja,Silver
2087,Zachary,Perez,kayla11@gmail.com,Male,2004,Port Harcourt,Silver
2088,Shannon,Aguilar,jenny97@gmail.com,Female,1976,Abuja,Gold
2089,Jeremy,Golden,hernandezchristopher@gmail.com,Female,1990,Port Harcourt,Silver
2090,Michael,Graham,angelarobles@kelley-cowan.net,Female,1987,Ibadan,Silver
2091,Tiffany,Bradley,uromero@brooks-brown.biz,Female,1972,Ibadan,Silver
2092,Douglas,Becker,tracey98@hotmail.com,Male,1980,Ibadan,Silver
2093,Tara,Williams,briansmith@cooper-hurley.net,Female,1993,Kano,Silver
2094,Carlos,Colon,harrisricardo@johnson.com,Male,1988,Ibadan,Gold
2095,Gary,Williams,kayla39@hotmail.com,Female,1973,Lagos,Silver
2096,Ronald,Baxter,cwilcox@yahoo.com,Female,1995,Lagos,Silver
2097,Kristie,Andrews,ysparks@yahoo.com,Female,2001,Kano,Silver
2098,David,Olson,kimberly64@walls-price.com,Female,2002,Enugu,Gold
2099,Terri,Palmer,steven27@yahoo.com,Female,1972,Abuja,Silver
2100,Carl,Palmer,andrea84@hotmail.com,Male,1978,Port Harcourt,Gold
2101,Christopher,Reilly,markmiller@montgomery.net,Male,1977,Port Harcourt,Gold
2102,Debra,King,nancy84@smith-maldonado.com,Female,2002,Kano,Gold
2103,Robert,Lindsey,kellysusan@williams-wall.net,Female,1975,Lagos,Silver
2104,Scott,Wood,jenningskimberly@swanson.com,Male,1973,Port Harcourt,Silver
2105,Brenda,Edwards,ashleylogan@vega.com,Female,1982,Lagos,Gold
2106,Andrew,Phillips,fwatson@gonzalez.biz,Female,1971,Enugu,Platinum
2107,David,Morton,fmartin@morgan.biz,Male,1974,Abuja,Gold
2108,Gabriel,Morgan,ricardosmith@hansen.org,Female,1996,Enugu,Silver
2109,Christopher,Berry,heidisparks@yahoo.com,Female,2001,Kano,Silver
2110,Charles,Dixon,cruzdavid@hotmail.com,Male,1990,Ibadan,Silver
2111,Darryl,Green,sellersleslie@yahoo.com,Male,1977,Ibadan,Gold
2112,Whitney,Baker,veronicamahoney@sanchez.com,Male,1977,Ibadan,Silver
2113,Barbara,Price,oconnorjohnny@salazar-fowler.com,Female,1972,Enugu,Silver
2114,Kevin,Floyd,holly92@avery.com,Male,1972,Port Harcourt,Gold
2115,Jason,Hill,chloe48@yahoo.com,Male,1991,Abuja,Silver
2116,Steven,Olsen,cynthiajones@gmail.com,Male,1975,Ibadan,Gold
2117,Gary,Moore,juan44@rodriguez-nguyen.net,Male,1971,Kano,Silver
2118,Daniel,Herrera,sharpsarah@gmail.com,Male,1992,Kano,Silver
2119,Kellie,Schneider,sallymitchell@gmail.com,Male,1971,Ibadan,Silver
2120,Brandon,Rocha,yrodgers@gmail.com,Female,1986,Ibadan,Gold
2121,Angel,Robertson,louisgarcia@jones.com,Female,2004,Abuja,Silver
2122,Kenneth,Gross,simmonsbrittany@allen-roberts.com,Male,2003,Ibadan,Silver
2123,Sherry,Tucker,todd21@doyle.com,Male,1992,Abuja,Platinum
2124,Jessica,Garcia,riveracarmen@gmail.com,Male,1999,Kano,Silver
2125,John,Robinson,davidclark@trujillo.com,Female,1977,Ibadan,Silver
2126,Christopher,Christian,douglasjodi@stone-love.com,Female,1991,Enugu,Silver
2127,Alex,Jones,janetanderson@mcgee.com,Female,1974,Enugu,Silver
2128,Kristen,Wilson,jodi03@yahoo.com,Female,1982,Kano,Gold
2129,Julia,Johnson,peter87@franklin.com,Female,1998,Abuja,Silver
2130,Amanda,Hogan,dukekevin@floyd.org,Female,2000,Enugu,Silver
2131,Sarah,Kennedy,cware@yahoo.com,Female,1985,Abuja,Silver
2132,Stephen,Riddle,umeadows@yahoo.com,Female,1999,Enugu,Gold
2133,Brian,Morris,durhamtracy@yahoo.com,Female,1985,Enugu,Silver
2134,James,Thompson,henrymichael@yahoo.com,Male,1981,Abuja,Silver
2135,Jonathan,Key,joseph92@gmail.com,Male,1986,Port Harcourt,Silver
2136,Travis,Pacheco,duaneflores@gmail.com,Male,1985,Enugu,Silver
2137,Juan,Rivera,mitchellnicholas@yahoo.com,Male,1981,Ibadan,Silver
2138,Crystal,Jones,vargassusan@hotmail.com,Female,1977,Kano,Silver
2139,Kevin,Snyder,onguyen@pollard-thornton.info,Female,1989,Port Harcourt,Gold
2140,Mary,Brown,kaguilar@potts.org,Male,1972,Abuja,Silver
2141,Manuel,Paul,dbishop@yahoo.com,Female,1985,Port Harcourt,Platinum
2142,Shawn,Vasquez,uroberson@morrison-taylor.com,Male,1999,Lagos,Platinum
2143,Melissa,Gardner,vlucero@brooks-murphy.biz,Female,1992,Lagos,Silver
2144,Sierra,Rodriguez,alex32@gmail.com,Male,1997,Enugu,Silver
2145,Rebecca,Smith,nathankelly@wright.org,Female,1974,Enugu,Silver
2146,Shannon,Taylor,bwatson@gmail.com,Female,1989,Ibadan,Gold
2147,Thomas,Mcknight,okaufman@burch.org,Male,1970,Kano,Silver
2148,Jordan,Pittman,brian40@gmail.com,Female,1999,Port Harcourt,Silver
2149,Andrea,Morrison,vanderson@yahoo.com,Male,1990,Lagos,Silver
2150,Megan,Davis,avincent@hotmail.com,Male,1989,Enugu,Gold
2151,Holly,Lopez,nina05@gmail.com,Male,1975,Kano,Gold
2152,Kathleen,Cuevas,hcampos@yahoo.com,Male,1991,Port Harcourt,Silver
2153,Elizabeth,Jackson,melindagillespie@gmail.com,Female,1987,Enugu,Gold
2154,Carolyn,Marshall,ccampos@yahoo.com,Female,1977,Enugu,Silver
2155,Matthew,Greene,shelby93@harris.com,Female,2001,Lagos,Silver
2156,Holly,Lloyd,ronaldknight@camacho.org,Male,2002,Lagos,Gold
2157,Diana,Schneider,devin83@whitney.com,Female,1985,Enugu,Silver
2158,Justin,Santos,webbmichael@hotmail.com,Male,1981,Abuja,Silver
2159,Amanda,Smith,charles91@flores.biz,Female,2003,Enugu,Silver
2160,Nancy,Craig,croberts@hotmail.com,Female,1983,Kano,Gold
2161,Aaron,Johnson,farrellsarah@yahoo.com,Female,2002,Enugu,Gold
2162,Leslie,Roth,hbrown@dixon.com,Male,1992,Ibadan,Gold
2163,Pamela,Alvarez,tiffanyturner@hotmail.com,Female,1971,Ibadan,Gold
2164,Amanda,Austin,juliemarshall@cooke-ellis.com,Female,1990,Ibadan,Silver
2165,Danielle,Livingston,dwalker@hall.biz,Male,1971,Abuja,Silver
2166,Jaclyn,Garrett,edwardsloan@allen-hale.com,Female,1996,Abuja,Silver
2167,Kevin,Cohen,bmatthews@yahoo.com,Male,1978,Enugu,Silver
2168,Ashley,Harris,bconley@gmail.com,Female,1970,Ibadan,Silver
2169,Allen,Rios,travisortiz@jackson.com,Male,1980,Abuja,Platinum
2170,Dustin,Dunlap,hclark@rodriguez.info,Male,1972,Lagos,Silver
2171,Lisa,Vazquez,morganantonio@yoder.info,Female,1992,Enugu,Silver
2172,Theresa,Warren,catherine85@watts-warren.net,Male,1995,Kano,Silver
2173,Diane,Vaughn,baileymark@gmail.com,Male,1973,Port Harcourt,Silver
2174,Bruce,Hamilton,carol74@patterson.com,Male,1987,Enugu,Platinum
2175,Jennifer,Davis,fhernandez@kelley.com,Male,1975,Port Harcourt,Silver
2176,Larry,Garner,santiagostephen@gmail.com,Male,2004,Ibadan,Silver
2177,Katherine,Cook,newmandana@morgan-compton.com,Male,1991,Port Harcourt,Gold
2178,Lindsay,Haynes,mooremeghan@yahoo.com,Female,1984,Ibadan,Silver
2179,Jordan,Riley,jonathangriffin@yahoo.com,Male,1991,Lagos,Silver
2180,John,Holloway,owilkinson@palmer.net,Male,1981,Port Harcourt,Silver
2181,Nathan,Mitchell,anthonyhunt@gmail.com,Female,1987,Enugu,Silver
2182,Richard,Brown,tvazquez@davis.com,Female,2004,Ibadan,Platinum
2183,Marvin,Franklin,suarezmelissa@yahoo.com,Female,1999,Enugu,Gold
2184,Pamela,Gonzales,alejandromoore@baker-stuart.com,Female,1993,Abuja,Silver
2185,Andrew,Conner,icollins@freeman-gonzalez.com,Female,1999,Ibadan,Gold
2186,Michael,Holland,flopez@yahoo.com,Female,1983,Port Harcourt,Silver
2187,Raymond,Miller,andrea18@gmail.com,Female,1975,Ibadan,Silver
2188,Peter,Allen,joneslindsey@hotmail.com,Male,1972,Enugu,Silver
2189,Derrick,Daniels,chiggins@smith.org,Male,1985,Lagos,Silver
2190,Derek,Craig,courtney47@vega-reed.com,Female,1976,Ibadan,Silver
2191,Isabella,Smith,hunterjames@vaughn-gordon.com,Male,1983,Port Harcourt,Gold
2192,Daniel,Yates,gonzalezkelly@james.com,Male,1978,Abuja,Platinum
2193,Amy,Smith,ejohnson@oneill-solomon.com,Male,1984,Kano,Silver
2194,Carolyn,Brooks,gibsonryan@mercado-hodges.com,Female,1990,Lagos,Silver
2195,Gary,Leon,mholland@cooper-leonard.net,Female,2004,Abuja,Silver
2196,Anthony,Vazquez,brownmelissa@rowe.biz,Male,1971,Ibadan,Silver
2197,Paul,Kennedy,sherrigardner@gmail.com,Female,1996,Enugu,Silver
2198,Suzanne,Gray,pbarnes@hotmail.com,Male,1971,Enugu,Silver
2199,Andrew,Holmes,pollardlynn@mayo-hall.info,Male,2004,Port Harcourt,Gold
2200,Stephanie,Perkins,cnewman@hicks.biz,Male,1987,Enugu,Silver
