ticket_id,customer_id,submission_date,issue_type,resolution_status,rating
90001,1169,2024-06-25,Late Delivery,Resolved,2
90002,1731,2024-08-02,Late Delivery,Resolved,3
90003,1254,2025-03-22,Late Delivery,Resolved,4
90004,1161,2024-10-23,Product Quality,Pending,2
90005,1846,2024-06-13,Other,Resolved,5
90006,1027,2024-10-24,Other,Escalated,3
90007,1306,2024-12-28,Product Quality,Pending,4
90008,1571,2025-04-20,Other,Resolved,2
90009,1356,2024-07-19,Other,Resolved,5
90010,1987,2024-11-09,Late Delivery,Resolved,1
90011,2179,2024-11-01,Product Quality,Pending,5
90012,1699,2024-12-13,Product Quality,Resolved,3
90013,1696,2024-09-19,Product Quality,Resolved,4
90014,2018,2024-08-22,Billing Issue,Pending,3
90015,1328,2025-02-12,Other,Escalated,4
90016,1469,2024-12-31,Late Delivery,Resolved,1
90017,1728,2024-09-08,Late Delivery,Pending,1
90018,1657,2025-03-30,Late Delivery,Pending,5
90019,1378,2025-02-23,Late Delivery,Resolved,3
90020,1372,2025-03-03,Other,Resolved,4
90021,1768,2025-04-30,Product Quality,Resolved,4
90022,1326,2024-10-23,Product Quality,Pending,4
90023,1467,2025-05-29,Billing Issue,Resolved,4
90024,2025,2025-01-18,Late Delivery,Resolved,4
90025,1678,2024-09-30,Billing Issue,Pending,4
90026,1538,2024-08-14,Other,Resolved,5
90027,1281,2024-07-11,Billing Issue,Resolved,4
90028,1628,2025-05-14,Other,Resolved,3
90029,1497,2025-03-14,Billing Issue,Resolved,3
90030,1058,2024-11-06,Other,Pending,1
90031,1429,2024-11-22,Other,Escalated,5
90032,1022,2024-12-27,Billing Issue,Resolved,5
90033,1269,2024-10-17,Product Quality,Resolved,1
90034,1609,2025-04-19,Billing Issue,Resolved,5
90035,1055,2025-05-08,Product Quality,Resolved,2
90036,1568,2025-05-24,Product Quality,Pending,3
90037,1410,2024-07-22,Billing Issue,Resolved,4
90038,1490,2024-10-07,Late Delivery,Resolved,5
90039,1116,2025-02-26,Product Quality,Resolved,4
90040,1084,2024-07-12,Late Delivery,Resolved,5
90041,1294,2024-07-15,Other,Escalated,4
90042,2155,2024-08-05,Other,Pending,3
90043,1970,2025-04-20,Other,Pending,1
90044,1467,2024-06-21,Product Quality,Resolved,5
90045,1465,2024-09-12,Product Quality,Pending,3
90046,1108,2025-06-02,Other,Resolved,5
90047,1565,2025-04-04,Billing Issue,Resolved,5
90048,1383,2025-02-15,Billing Issue,Resolved,1
90049,1791,2025-03-17,Other,Resolved,5
90050,1160,2024-09-10,Late Delivery,Resolved,3
90051,1230,2025-05-14,Other,Pending,5
90052,1532,2025-03-30,Product Quality,Pending,4
90053,1390,2024-07-21,Late Delivery,Resolved,4
90054,2027,2024-10-20,Billing Issue,Resolved,2
90055,1329,2025-01-30,Billing Issue,Resolved,3
90056,1033,2024-11-23,Late Delivery,Pending,5
90057,1932,2024-08-01,Late Delivery,Resolved,5
90058,1832,2024-12-22,Product Quality,Escalated,5
90059,1396,2024-11-09,Other,Resolved,4
90060,1702,2025-01-23,Late Delivery,Resolved,5
90061,1282,2025-03-11,Late Delivery,Resolved,4
90062,1805,2024-08-26,Billing Issue,Pending,5
90063,2200,2024-08-10,Billing Issue,Resolved,5
90064,1139,2024-06-14,Other,Resolved,5
90065,1453,2024-12-27,Late Delivery,Pending,4
90066,1604,2025-04-05,Billing Issue,Resolved,5
90067,1350,2024-11-11,Other,Pending,5
90068,1531,2025-02-15,Billing Issue,Resolved,4
90069,1109,2025-06-07,Billing Issue,Resolved,3
90070,1723,2024-10-15,Billing Issue,Escalated,2
90071,1499,2025-01-01,Product Quality,Pending,4
90072,1057,2025-03-18,Product Quality,Resolved,1
90073,2119,2025-01-02,Late Delivery,Pending,5
90074,1634,2025-04-03,Other,Resolved,1
90075,1254,2024-10-05,Other,Resolved,3
90076,1849,2025-05-07,Product Quality,Pending,4
90077,1145,2025-02-23,Other,Resolved,1
90078,1783,2024-09-08,Late Delivery,Pending,1
90079,1966,2024-12-17,Other,Resolved,4
90080,1168,2024-11-11,Other,Resolved,5
90081,1139,2024-10-19,Product Quality,Resolved,4
90082,1378,2024-11-26,Product Quality,Resolved,3
90083,1269,2025-03-23,Other,Resolved,4
90084,1337,2025-02-11,Other,Pending,5
90085,2052,2024-11-19,Late Delivery,Pending,1
90086,1466,2024-08-29,Late Delivery,Resolved,1
90087,2180,2025-02-19,Late Delivery,Resolved,4
90088,1944,2025-01-18,Billing Issue,Pending,4
90089,2040,2024-11-02,Billing Issue,Resolved,4
90090,2192,2025-03-04,Billing Issue,Resolved,4
90091,1916,2024-11-29,Other,Pending,2
90092,1231,2024-06-16,Late Delivery,Pending,4
90093,1603,2025-04-05,Billing Issue,Pending,3
90094,1353,2024-11-01,Product Quality,Resolved,2
90095,1514,2025-04-07,Product Quality,Resolved,2
90096,1205,2025-03-13,Other,Resolved,4
90097,1384,2024-12-12,Product Quality,Escalated,5
90098,1325,2025-04-19,Other,Escalated,2
90099,1070,2025-01-24,Product Quality,Resolved,4
90100,1562,2025-04-03,Billing Issue,Escalated,3
90101,1176,2024-09-30,Billing Issue,Pending,3
90102,1511,2025-01-31,Other,Resolved,3
90103,2176,2024-09-12,Other,Pending,4
90104,1721,2024-09-28,Product Quality,Resolved,1
90105,1393,2024-12-02,Late Delivery,Escalated,5
90106,1245,2025-02-28,Product Quality,Resolved,4
90107,2146,2025-06-08,Product Quality,Pending,3
90108,2192,2024-07-22,Other,Resolved,3
90109,1936,2025-03-29,Late Delivery,Pending,4
90110,1130,2025-02-23,Late Delivery,Resolved,5
90111,1585,2024-09-25,Other,Pending,5
90112,1609,2025-04-15,Billing Issue,Resolved,3
90113,2043,2025-05-04,Other,Resolved,5
90114,1673,2024-09-08,Other,Resolved,4
90115,1504,2025-05-14,Other,Resolved,1
90116,1749,2025-02-05,Late Delivery,Resolved,4
90117,1542,2025-01-30,Other,Resolved,3
90118,1999,2024-12-01,Late Delivery,Resolved,4
90119,2141,2024-11-01,Other,Escalated,4
90120,1898,2025-02-01,Billing Issue,Resolved,5
90121,1003,2024-12-31,Billing Issue,Escalated,4
90122,1902,2024-10-15,Product Quality,Pending,3
90123,1160,2025-04-11,Product Quality,Resolved,4
90124,1895,2025-01-12,Late Delivery,Resolved,2
90125,1828,2025-01-07,Billing Issue,Resolved,5
90126,1067,2024-08-06,Late Delivery,Resolved,3
90127,2119,2024-12-29,Other,Resolved,4
90128,1580,2024-11-13,Other,Resolved,3
90129,1241,2025-01-22,Late Delivery,Resolved,3
90130,2041,2024-07-29,Product Quality,Pending,4
90131,1749,2025-02-19,Late Delivery,Pending,3
90132,1415,2025-04-22,Late Delivery,Resolved,5
90133,1221,2025-03-08,Product Quality,Escalated,3
90134,1715,2024-09-26,Other,Resolved,2
90135,1701,2025-04-20,Product Quality,Pending,4
90136,1864,2024-10-17,Billing Issue,Resolved,5
90137,2064,2024-12-30,Product Quality,Resolved,4
90138,2155,2024-12-06,Billing Issue,Resolved,5
90139,1690,2025-02-24,Billing Issue,Resolved,2
90140,2153,2024-08-28,Product Quality,Resolved,1
90141,1192,2025-03-30,Product Quality,Resolved,3
90142,1425,2024-12-14,Product Quality,Resolved,4
90143,1456,2025-03-19,Late Delivery,Resolved,4
90144,1811,2024-08-26,Product Quality,Pending,3
90145,2199,2024-06-29,Billing Issue,Resolved,4
90146,2117,2025-05-21,Billing Issue,Resolved,5
90147,1893,2024-07-30,Billing Issue,Pending,4
90148,1606,2024-06-24,Product Quality,Resolved,5
90149,1434,2024-10-08,Other,Pending,3
90150,1748,2024-12-02,Other,Escalated,4
90151,2148,2025-02-02,Billing Issue,Resolved,1
90152,1725,2025-06-10,Billing Issue,Resolved,3
90153,1669,2024-08-09,Late Delivery,Pending,5
90154,1925,2024-11-26,Product Quality,Escalated,5
90155,1080,2024-10-07,Product Quality,Resolved,5
90156,1371,2024-12-18,Billing Issue,Resolved,5
90157,2119,2025-05-22,Late Delivery,Pending,5
90158,1865,2024-07-14,Billing Issue,Resolved,2
90159,1122,2025-04-14,Late Delivery,Resolved,2
90160,1834,2024-12-20,Billing Issue,Resolved,5
90161,2068,2025-04-08,Billing Issue,Resolved,3
90162,1260,2025-04-23,Product Quality,Resolved,3
90163,1807,2024-08-23,Late Delivery,Resolved,4
90164,1817,2024-08-31,Other,Resolved,4
90165,1261,2025-05-19,Late Delivery,Resolved,3
90166,1557,2025-05-16,Late Delivery,Resolved,5
90167,2084,2025-02-08,Product Quality,Resolved,5
90168,1548,2025-02-10,Other,Resolved,5
90169,1937,2025-01-08,Other,Resolved,1
90170,2034,2024-08-10,Product Quality,Resolved,2
90171,1804,2024-06-14,Billing Issue,Pending,3
90172,1103,2025-06-06,Late Delivery,Pending,4
90173,1910,2025-05-01,Late Delivery,Resolved,4
90174,1844,2025-04-22,Billing Issue,Resolved,1
90175,2135,2024-09-30,Other,Pending,5
90176,1785,2025-05-04,Billing Issue,Pending,4
90177,1533,2025-05-30,Other,Pending,4
90178,1501,2024-10-16,Billing Issue,Pending,2
90179,1097,2024-11-28,Billing Issue,Resolved,5
90180,1822,2024-09-09,Other,Escalated,4
90181,1397,2024-12-14,Late Delivery,Pending,2
90182,1562,2024-10-02,Billing Issue,Resolved,4
90183,1496,2024-10-22,Other,Resolved,3
90184,1257,2024-12-28,Late Delivery,Resolved,5
90185,1205,2024-07-30,Late Delivery,Resolved,4
90186,1499,2024-09-10,Late Delivery,Resolved,2
90187,1192,2025-03-12,Other,Resolved,5
90188,2148,2024-09-24,Other,Resolved,3
90189,2150,2024-09-14,Billing Issue,Pending,4
90190,1193,2025-03-06,Billing Issue,Resolved,5
90191,1238,2024-11-12,Billing Issue,Pending,2
90192,1225,2024-12-15,Billing Issue,Resolved,5
90193,1773,2024-08-14,Other,Pending,5
90194,1965,2025-06-10,Other,Escalated,2
90195,1619,2024-12-22,Product Quality,Resolved,1
90196,2114,2025-05-11,Billing Issue,Resolved,4
90197,1057,2025-03-28,Other,Resolved,3
90198,1520,2024-10-12,Product Quality,Pending,1
90199,1873,2024-08-22,Billing Issue,Pending,4
90200,1395,2024-09-08,Product Quality,Pending,3
90201,1958,2024-09-03,Billing Issue,Pending,3
90202,1158,2024-11-04,Billing Issue,Resolved,2
90203,1127,2025-03-18,Late Delivery,Resolved,2
90204,1984,2024-10-02,Other,Resolved,2
90205,1237,2024-07-19,Product Quality,Resolved,5
90206,1333,2024-08-12,Billing Issue,Resolved,4
90207,2060,2024-06-17,Other,Pending,4
90208,1625,2024-07-10,Product Quality,Resolved,5
90209,2179,2024-07-17,Late Delivery,Resolved,3
90210,1910,2024-11-17,Other,Resolved,5
90211,1118,2025-03-03,Product Quality,Resolved,2
90212,1485,2025-01-09,Billing Issue,Pending,5
90213,1816,2024-08-31,Late Delivery,Resolved,1
90214,1421,2025-05-09,Other,Escalated,2
90215,1810,2025-04-19,Billing Issue,Escalated,5
90216,1411,2025-01-28,Late Delivery,Resolved,2
90217,1322,2025-03-20,Late Delivery,Resolved,3
90218,1303,2024-07-23,Product Quality,Resolved,1
90219,1844,2024-10-06,Billing Issue,Resolved,4
90220,1524,2024-12-22,Billing Issue,Pending,3
90221,1451,2025-03-24,Other,Resolved,4
90222,1538,2025-03-21,Other,Resolved,1
90223,1411,2025-03-03,Other,Pending,3
90224,1109,2024-12-15,Other,Resolved,3
90225,2187,2025-06-09,Late Delivery,Pending,4
90226,2037,2025-03-23,Other,Pending,3
90227,2151,2024-11-20,Billing Issue,Resolved,5
90228,1758,2025-06-07,Late Delivery,Pending,3
90229,1824,2024-06-26,Other,Resolved,4
90230,1453,2024-08-01,Other,Pending,3
90231,1171,2024-08-22,Product Quality,Resolved,4
90232,1762,2024-12-14,Late Delivery,Pending,3
90233,1339,2024-10-23,Billing Issue,Resolved,2
90234,1059,2024-11-09,Other,Resolved,5
90235,1507,2024-11-16,Late Delivery,Resolved,4
90236,1480,2024-06-26,Billing Issue,Resolved,4
90237,1669,2025-04-26,Other,Resolved,4
90238,1945,2025-04-01,Other,Pending,3
90239,2024,2025-01-16,Product Quality,Resolved,5
90240,1448,2025-04-21,Product Quality,Escalated,3
90241,1883,2024-10-12,Late Delivery,Resolved,4
90242,2158,2024-10-06,Product Quality,Pending,2
90243,1213,2024-10-22,Product Quality,Resolved,4
90244,1099,2025-03-10,Late Delivery,Resolved,4
90245,1658,2025-03-29,Other,Resolved,3
90246,2073,2024-11-12,Billing Issue,Resolved,3
90247,1175,2025-04-02,Late Delivery,Resolved,1
90248,1901,2025-03-16,Late Delivery,Resolved,1
90249,1805,2024-12-28,Billing Issue,Resolved,4
90250,1489,2025-04-13,Product Quality,Pending,5
90251,2030,2025-05-03,Late Delivery,Resolved,4
90252,1554,2024-10-14,Other,Escalated,1
90253,1528,2024-09-21,Late Delivery,Resolved,5
90254,1728,2025-04-14,Billing Issue,Escalated,5
90255,1073,2024-09-30,Other,Resolved,3
90256,1067,2024-10-25,Late Delivery,Escalated,4
90257,1593,2024-07-03,Other,Resolved,2
90258,1027,2024-07-10,Billing Issue,Pending,5
90259,1576,2024-06-12,Late Delivery,Resolved,4
90260,1434,2025-02-15,Late Delivery,Resolved,4
90261,1056,2024-06-28,Billing Issue,Resolved,1
90262,1267,2024-12-11,Other,Resolved,4
90263,1769,2024-09-05,Other,Resolved,5
90264,1549,2025-01-10,Billing Issue,Escalated,3
90265,1101,2024-07-11,Other,Pending,1
90266,1645,2025-04-03,Other,Resolved,5
90267,1468,2024-08-18,Late Delivery,Resolved,4
90268,1023,2024-07-14,Other,Resolved,5
90269,1697,2024-11-25,Billing Issue,Resolved,4
90270,1327,2025-02-25,Other,Resolved,4
90271,1577,2025-01-30,Late Delivery,Resolved,3
90272,1921,2024-06-28,Other,Resolved,1
90273,1659,2025-04-14,Billing Issue,Resolved,4
90274,1537,2025-01-14,Product Quality,Resolved,5
90275,1380,2024-09-28,Product Quality,Pending,1
90276,1850,2025-03-31,Product Quality,Resolved,5
90277,1126,2025-04-12,Product Quality,Resolved,5
90278,1442,2025-02-18,Late Delivery,Resolved,4
90279,1829,2024-10-26,Other,Resolved,5
90280,1044,2024-10-23,Late Delivery,Resolved,4
90281,1661,2024-09-11,Product Quality,Resolved,4
90282,1199,2024-09-21,Other,Resolved,4
90283,1653,2024-11-08,Product Quality,Resolved,5
90284,1308,2025-01-02,Product Quality,Pending,5
90285,2113,2024-10-06,Billing Issue,Resolved,5
90286,2198,2025-04-16,Late Delivery,Resolved,2
90287,1474,2025-04-03,Product Quality,Resolved,4
90288,1236,2024-08-19,Product Quality,Resolved,4
90289,1225,2024-11-27,Late Delivery,Resolved,4
90290,1360,2025-03-03,Product Quality,Resolved,4
90291,1424,2025-04-21,Product Quality,Resolved,1
90292,2015,2024-11-01,Other,Resolved,5
90293,2078,2025-02-07,Late Delivery,Pending,5
90294,1667,2025-03-16,Late Delivery,Resolved,3
90295,1335,2024-07-09,Billing Issue,Resolved,4
90296,1899,2025-03-14,Other,Resolved,4
90297,1605,2025-02-21,Late Delivery,Pending,5
90298,1095,2025-01-08,Product Quality,Resolved,5
90299,1315,2024-09-10,Late Delivery,Resolved,5
90300,1488,2024-11-27,Late Delivery,Resolved,5
90301,1888,2025-03-19,Product Quality,Pending,4
90302,2042,2024-09-14,Other,Pending,4
90303,1664,2024-11-26,Late Delivery,Pending,1
90304,1829,2025-04-08,Billing Issue,Resolved,5
90305,1637,2024-09-17,Late Delivery,Resolved,4
90306,1886,2025-04-02,Late Delivery,Resolved,4
90307,1953,2024-12-22,Product Quality,Resolved,4
90308,1687,2024-09-21,Other,Resolved,3
90309,1221,2024-10-05,Billing Issue,Resolved,4
90310,1880,2025-01-25,Billing Issue,Resolved,1
90311,1037,2024-12-05,Other,Escalated,5
90312,2167,2024-11-04,Late Delivery,Resolved,2
90313,1972,2025-04-12,Billing Issue,Pending,3
90314,2024,2024-09-04,Product Quality,Resolved,1
90315,1205,2025-05-28,Late Delivery,Resolved,5
90316,1271,2025-05-17,Billing Issue,Pending,2
90317,1182,2024-10-11,Product Quality,Escalated,3
90318,1631,2025-02-26,Other,Resolved,4
90319,1574,2024-12-15,Other,Resolved,3
90320,1281,2024-11-03,Other,Pending,5
90321,2036,2024-08-07,Other,Resolved,5
90322,1637,2025-01-24,Product Quality,Resolved,5
90323,1858,2024-10-13,Product Quality,Resolved,3
90324,1293,2025-02-08,Late Delivery,Resolved,2
90325,1137,2024-08-19,Other,Resolved,3
90326,1197,2024-10-03,Other,Resolved,3
90327,1455,2024-12-09,Other,Pending,4
90328,2119,2024-10-19,Product Quality,Resolved,3
90329,1613,2024-07-23,Other,Resolved,4
90330,1007,2024-06-12,Product Quality,Resolved,2
90331,1389,2024-08-28,Late Delivery,Pending,3
90332,2149,2025-01-20,Other,Resolved,3
90333,1677,2024-07-07,Late Delivery,Resolved,5
90334,1987,2025-05-28,Product Quality,Pending,4
90335,1513,2024-07-24,Late Delivery,Resolved,4
90336,1718,2024-08-27,Billing Issue,Resolved,4
90337,1501,2024-08-23,Late Delivery,Resolved,1
90338,1444,2025-05-27,Product Quality,Resolved,5
90339,1476,2024-08-16,Late Delivery,Resolved,3
90340,1809,2025-05-11,Late Delivery,Escalated,4
90341,1904,2025-04-27,Product Quality,Escalated,3
90342,2005,2025-03-10,Product Quality,Pending,5
90343,1041,2025-04-16,Other,Resolved,3
90344,1379,2024-12-31,Late Delivery,Resolved,5
90345,1093,2024-06-13,Other,Pending,4
90346,2128,2024-08-13,Billing Issue,Resolved,5
90347,1365,2025-03-03,Billing Issue,Pending,4
90348,2194,2024-06-22,Product Quality,Resolved,5
90349,1258,2024-06-26,Other,Resolved,4
90350,1990,2024-08-02,Billing Issue,Resolved,3
90351,1916,2024-11-26,Late Delivery,Escalated,2
90352,1030,2025-03-26,Product Quality,Pending,4
90353,2106,2025-04-16,Late Delivery,Resolved,1
90354,1286,2024-07-08,Other,Resolved,1
90355,1355,2024-10-10,Other,Resolved,4
90356,1535,2025-01-13,Billing Issue,Resolved,4
90357,2019,2024-06-19,Other,Pending,4
90358,1941,2025-02-20,Billing Issue,Resolved,3
90359,1305,2024-08-23,Billing Issue,Escalated,5
90360,1375,2024-09-14,Product Quality,Resolved,3
90361,1253,2024-09-29,Billing Issue,Pending,4
90362,1816,2025-03-16,Other,Pending,5
90363,2068,2025-05-10,Other,Escalated,5
90364,1752,2025-04-26,Product Quality,Resolved,1
90365,1893,2024-10-31,Other,Pending,3
90366,1553,2024-11-16,Product Quality,Pending,5
90367,1667,2024-07-31,Product Quality,Resolved,5
90368,1480,2025-04-07,Product Quality,Resolved,4
90369,1610,2024-11-13,Product Quality,Escalated,3
90370,1057,2024-06-14,Product Quality,Resolved,3
90371,2194,2024-09-02,Billing Issue,Escalated,5
90372,1780,2025-04-01,Other,Resolved,2
90373,1850,2025-04-16,Product Quality,Resolved,5
90374,1572,2024-12-13,Late Delivery,Resolved,4
90375,1576,2024-06-13,Late Delivery,Resolved,3
90376,1772,2025-06-03,Late Delivery,Resolved,3
90377,1941,2024-09-01,Other,Resolved,3
90378,2085,2025-04-28,Other,Escalated,3
90379,1244,2025-03-18,Billing Issue,Escalated,2
90380,1415,2024-08-09,Product Quality,Resolved,5
90381,1671,2025-04-21,Billing Issue,Resolved,5
90382,1554,2024-07-26,Billing Issue,Resolved,4
90383,1944,2024-09-29,Product Quality,Resolved,5
90384,2044,2025-01-10,Billing Issue,Escalated,3
90385,2136,2025-03-11,Product Quality,Pending,1
90386,1724,2025-04-21,Product Quality,Resolved,4
90387,1608,2024-10-16,Product Quality,Resolved,5
90388,2040,2025-06-07,Late Delivery,Resolved,5
90389,1507,2024-11-06,Other,Resolved,4
90390,2081,2024-07-21,Product Quality,Resolved,4
90391,1735,2024-09-24,Product Quality,Resolved,3
90392,2037,2024-07-20,Billing Issue,Resolved,5
90393,1363,2024-08-10,Late Delivery,Escalated,4
90394,1547,2024-10-18,Billing Issue,Resolved,2
90395,2193,2025-03-12,Billing Issue,Pending,3
90396,1332,2024-08-05,Late Delivery,Resolved,2
90397,2014,2025-02-10,Billing Issue,Resolved,4
90398,2016,2025-04-25,Billing Issue,Resolved,3
90399,1837,2025-05-29,Product Quality,Resolved,2
90400,2183,2025-04-12,Late Delivery,Resolved,2
90401,1098,2024-10-24,Late Delivery,Resolved,3
90402,1011,2025-01-03,Late Delivery,Pending,5
90403,1214,2025-02-12,Billing Issue,Pending,5
90404,1040,2025-05-17,Other,Resolved,5
90405,1439,2024-10-29,Billing Issue,Resolved,1
90406,1431,2025-05-16,Other,Resolved,4
90407,1988,2024-12-11,Late Delivery,Resolved,3
90408,1445,2025-02-09,Billing Issue,Pending,5
90409,1034,2025-03-19,Other,Resolved,5
90410,1062,2025-04-24,Late Delivery,Pending,5
90411,2103,2024-10-15,Billing Issue,Escalated,1
90412,1978,2025-03-06,Late Delivery,Pending,2
90413,2197,2024-12-26,Other,Resolved,4
90414,1607,2024-07-12,Late Delivery,Pending,2
90415,1307,2025-02-05,Other,Escalated,5
90416,1353,2024-07-19,Billing Issue,Pending,4
90417,2082,2024-09-20,Other,Resolved,2
90418,1123,2025-02-04,Late Delivery,Resolved,5
90419,1003,2025-02-11,Late Delivery,Pending,4
90420,2047,2024-12-14,Other,Resolved,5
90421,1815,2025-06-10,Product Quality,Resolved,2
90422,2072,2025-04-17,Late Delivery,Escalated,4
90423,1253,2024-11-26,Late Delivery,Resolved,5
90424,2112,2025-02-21,Product Quality,Resolved,3
90425,1310,2024-07-14,Other,Resolved,2
90426,1532,2025-04-15,Late Delivery,Resolved,4
90427,1197,2024-11-04,Late Delivery,Resolved,4
90428,1936,2024-08-16,Product Quality,Resolved,3
90429,1463,2024-12-11,Billing Issue,Resolved,1
90430,1023,2024-06-13,Other,Resolved,2
90431,1700,2025-03-07,Late Delivery,Escalated,3
90432,2191,2025-01-17,Billing Issue,Resolved,1
90433,2192,2025-04-06,Late Delivery,Resolved,5
90434,1813,2025-05-19,Late Delivery,Resolved,3
90435,1037,2025-04-03,Billing Issue,Resolved,5
90436,1406,2025-04-04,Product Quality,Resolved,4
90437,2076,2025-05-11,Other,Pending,4
90438,2038,2025-06-10,Product Quality,Pending,4
90439,1530,2024-07-04,Late Delivery,Resolved,5
90440,2138,2025-01-18,Product Quality,Resolved,5
90441,1783,2025-02-19,Late Delivery,Resolved,2
90442,1805,2024-09-11,Late Delivery,Resolved,3
90443,1386,2024-08-23,Billing Issue,Pending,4
90444,1119,2025-03-16,Billing Issue,Pending,3
90445,1032,2024-09-15,Product Quality,Resolved,2
90446,1748,2025-05-04,Billing Issue,Resolved,4
90447,1753,2024-07-31,Late Delivery,Pending,3
90448,1246,2025-02-18,Product Quality,Resolved,2
90449,1317,2024-09-19,Billing Issue,Resolved,3
90450,1773,2025-01-29,Product Quality,Resolved,3
90451,1853,2025-02-23,Other,Resolved,1
90452,1816,2024-11-12,Product Quality,Resolved,4
90453,1296,2024-12-04,Other,Resolved,3
90454,1068,2024-09-16,Late Delivery,Resolved,2
90455,1864,2024-07-19,Product Quality,Resolved,5
90456,1056,2024-12-27,Late Delivery,Resolved,1
90457,1657,2024-08-24,Late Delivery,Escalated,4
90458,1052,2025-01-22,Product Quality,Escalated,4
90459,1637,2024-09-30,Billing Issue,Resolved,4
90460,1938,2024-11-11,Billing Issue,Resolved,3
90461,1982,2024-08-24,Product Quality,Pending,4
90462,1128,2025-04-16,Other,Pending,5
90463,1975,2024-11-15,Late Delivery,Resolved,2
90464,1025,2025-04-05,Other,Escalated,2
90465,1061,2024-12-30,Late Delivery,Resolved,5
90466,1906,2024-06-17,Product Quality,Resolved,5
90467,1388,2025-04-20,Product Quality,Escalated,5
90468,1640,2025-06-09,Billing Issue,Pending,5
90469,1671,2024-06-21,Late Delivery,Escalated,3
90470,1800,2024-08-27,Late Delivery,Escalated,3
90471,1664,2025-01-10,Other,Resolved,5
90472,1315,2024-11-15,Product Quality,Pending,5
90473,1200,2025-03-13,Late Delivery,Pending,3
90474,1705,2025-05-01,Product Quality,Resolved,1
90475,1898,2024-08-08,Late Delivery,Resolved,4
90476,1636,2025-03-18,Other,Resolved,3
90477,1116,2025-01-04,Billing Issue,Resolved,5
90478,1990,2024-08-04,Late Delivery,Resolved,5
90479,1409,2025-01-05,Product Quality,Resolved,5
90480,1565,2024-11-21,Other,Resolved,1
90481,1170,2025-05-01,Product Quality,Resolved,5
90482,1244,2025-03-20,Late Delivery,Resolved,4
90483,2085,2024-08-22,Billing Issue,Resolved,3
90484,2083,2025-06-02,Other,Pending,3
90485,1937,2024-09-02,Billing Issue,Resolved,4
90486,1075,2024-11-02,Billing Issue,Resolved,4
90487,1370,2024-11-09,Product Quality,Escalated,3
90488,1126,2024-09-18,Product Quality,Resolved,3
90489,2176,2025-05-15,Other,Resolved,5
90490,1116,2024-10-02,Billing Issue,Resolved,5
90491,1600,2025-03-07,Late Delivery,Resolved,5
90492,1860,2024-07-08,Late Delivery,Resolved,5
90493,1562,2024-08-26,Late Delivery,Pending,5
90494,1764,2024-10-13,Late Delivery,Pending,5
90495,1575,2024-10-19,Product Quality,Resolved,5
90496,1193,2024-09-04,Billing Issue,Resolved,3
90497,1355,2024-10-11,Billing Issue,Resolved,4
90498,1058,2024-12-03,Other,Resolved,4
90499,1493,2024-11-08,Late Delivery,Resolved,4
90500,1120,2025-01-28,Billing Issue,Escalated,3
90501,1208,2025-05-20,Product Quality,Resolved,5
90502,1827,2025-03-03,Other,Pending,5
90503,1772,2025-03-13,Late Delivery,Resolved,3
90504,1681,2024-12-02,Other,Resolved,2
90505,2137,2025-03-22,Billing Issue,Pending,1
90506,1572,2024-10-17,Product Quality,Resolved,1
90507,1532,2025-04-16,Billing Issue,Resolved,2
90508,1135,2024-09-19,Other,Resolved,4
90509,1351,2024-11-16,Product Quality,Resolved,3
90510,1574,2025-03-04,Billing Issue,Escalated,4
90511,1644,2024-12-27,Billing Issue,Pending,3
90512,1200,2025-06-05,Product Quality,Pending,5
90513,1243,2025-04-12,Billing Issue,Resolved,4
90514,2166,2024-08-18,Late Delivery,Resolved,4
90515,1854,2025-05-11,Billing Issue,Resolved,4
90516,2013,2024-06-10,Other,Resolved,5
90517,1090,2024-12-10,Billing Issue,Resolved,4
90518,1594,2025-05-31,Product Quality,Pending,4
90519,2045,2024-10-20,Late Delivery,Resolved,4
90520,2087,2025-03-14,Billing Issue,Resolved,5
90521,1303,2024-06-18,Billing Issue,Escalated,4
90522,1325,2024-10-29,Other,Resolved,5
90523,1783,2024-09-25,Other,Resolved,1
90524,1260,2024-07-02,Billing Issue,Resolved,5
90525,1895,2024-08-05,Other,Resolved,4
90526,2196,2024-08-21,Billing Issue,Pending,3
90527,1626,2024-12-28,Product Quality,Resolved,4
90528,1445,2025-02-26,Billing Issue,Resolved,4
90529,1083,2024-12-24,Product Quality,Resolved,3
90530,1154,2024-06-11,Late Delivery,Pending,4
90531,1434,2025-01-05,Product Quality,Resolved,5
90532,1417,2025-05-30,Late Delivery,Resolved,3
90533,1102,2024-08-02,Late Delivery,Pending,5
90534,1162,2025-04-02,Late Delivery,Resolved,1
90535,1642,2024-10-31,Other,Resolved,4
90536,1299,2024-09-04,Billing Issue,Resolved,3
90537,1328,2024-11-20,Product Quality,Pending,1
90538,1533,2024-06-12,Late Delivery,Resolved,5
90539,1548,2025-04-07,Product Quality,Pending,4
90540,1891,2025-04-04,Late Delivery,Resolved,5
90541,1426,2024-12-26,Other,Resolved,3
90542,2168,2025-01-22,Late Delivery,Resolved,5
90543,1124,2024-09-12,Late Delivery,Resolved,1
90544,1737,2024-07-24,Billing Issue,Resolved,3
90545,1781,2025-05-22,Product Quality,Pending,5
90546,1173,2024-08-05,Billing Issue,Resolved,5
90547,1521,2024-09-05,Other,Resolved,5
90548,1739,2025-03-03,Product Quality,Resolved,3
90549,1160,2024-06-27,Other,Pending,3
90550,2143,2025-03-06,Late Delivery,Resolved,5
90551,1961,2024-09-18,Other,Resolved,5
90552,1871,2024-08-03,Product Quality,Resolved,3
90553,1089,2025-04-29,Product Quality,Pending,3
90554,1692,2025-04-03,Product Quality,Resolved,1
90555,1450,2025-06-06,Billing Issue,Escalated,4
90556,1132,2024-09-09,Late Delivery,Escalated,1
90557,1063,2024-07-11,Product Quality,Escalated,1
90558,1108,2024-09-14,Other,Resolved,5
90559,1321,2024-09-15,Other,Pending,3
90560,2006,2025-04-19,Other,Resolved,5
90561,1307,2025-04-13,Product Quality,Resolved,5
90562,1760,2025-05-04,Product Quality,Resolved,3
90563,1281,2024-07-23,Other,Resolved,4
90564,1208,2024-11-06,Other,Resolved,5
90565,1809,2024-07-07,Late Delivery,Resolved,4
90566,1517,2024-11-22,Product Quality,Resolved,4
90567,1740,2024-10-02,Other,Resolved,3
90568,1919,2025-04-03,Product Quality,Resolved,4
90569,1622,2024-06-23,Late Delivery,Resolved,4
90570,1166,2025-02-03,Billing Issue,Resolved,4
90571,1901,2024-09-19,Product Quality,Resolved,5
90572,2085,2024-09-15,Product Quality,Escalated,5
90573,1642,2025-04-18,Late Delivery,Resolved,5
90574,1003,2025-06-02,Product Quality,Resolved,5
90575,1647,2025-05-01,Other,Resolved,4
90576,1346,2024-12-18,Late Delivery,Resolved,2
90577,1434,2024-10-09,Billing Issue,Resolved,4
90578,1956,2025-05-31,Late Delivery,Resolved,4
90579,1961,2024-08-19,Other,Pending,1
90580,1705,2025-01-27,Product Quality,Resolved,2
90581,1353,2024-09-13,Late Delivery,Resolved,5
90582,1062,2024-11-29,Other,Resolved,4
90583,1999,2025-04-06,Other,Escalated,5
90584,1508,2024-12-17,Other,Resolved,5
90585,1053,2024-09-21,Late Delivery,Resolved,4
90586,1399,2025-02-06,Late Delivery,Escalated,2
90587,2132,2024-12-08,Late Delivery,Resolved,3
90588,1804,2024-08-13,Billing Issue,Resolved,3
90589,1394,2025-04-05,Other,Resolved,4
90590,1499,2025-03-12,Late Delivery,Resolved,5
90591,1724,2024-08-29,Late Delivery,Pending,5
90592,1069,2024-11-04,Product Quality,Pending,2
90593,1476,2024-11-20,Product Quality,Resolved,4
90594,1098,2025-02-11,Late Delivery,Resolved,4
90595,1016,2025-05-15,Late Delivery,Resolved,3
90596,2103,2025-03-24,Billing Issue,Pending,5
90597,1410,2025-02-08,Product Quality,Resolved,3
90598,1184,2025-01-15,Billing Issue,Pending,4
90599,1195,2025-04-19,Late Delivery,Resolved,4
90600,1040,2025-01-10,Billing Issue,Resolved,4
90601,1703,2024-12-06,Other,Escalated,5
90602,1453,2024-11-28,Billing Issue,Resolved,5
90603,1992,2025-02-13,Product Quality,Resolved,5
90604,1061,2024-10-12,Product Quality,Pending,5
90605,1479,2025-03-19,Product Quality,Resolved,4
90606,1036,2024-06-10,Product Quality,Resolved,1
90607,1543,2024-07-08,Late Delivery,Pending,5
90608,2147,2025-02-10,Product Quality,Pending,4
90609,1263,2025-05-08,Late Delivery,Resolved,1
90610,1123,2025-05-17,Other,Resolved,2
90611,1218,2024-09-09,Product Quality,Resolved,4
90612,1276,2024-08-17,Other,Resolved,5
90613,2122,2024-10-09,Other,Pending,4
90614,1929,2024-10-25,Late Delivery,Resolved,5
90615,1913,2024-12-11,Billing Issue,Resolved,5
90616,1006,2024-12-29,Product Quality,Escalated,4
90617,1123,2024-09-05,Product Quality,Resolved,3
90618,2110,2025-05-05,Billing Issue,Resolved,5
90619,2105,2024-10-07,Product Quality,Resolved,4
90620,1916,2024-12-08,Late Delivery,Pending,4
90621,1362,2024-06-17,Billing Issue,Resolved,4
90622,1703,2025-04-10,Product Quality,Pending,3
90623,1041,2025-06-04,Product Quality,Resolved,1
90624,1114,2025-01-03,Late Delivery,Resolved,5
90625,1200,2024-07-04,Product Quality,Resolved,5
90626,2159,2025-06-09,Late Delivery,Resolved,2
90627,1199,2024-07-14,Other,Resolved,5
90628,1157,2024-09-07,Product Quality,Resolved,1
90629,1850,2025-03-18,Billing Issue,Escalated,4
90630,1044,2024-10-01,Late Delivery,Pending,2
90631,1323,2025-03-23,Late Delivery,Pending,5
90632,1222,2024-07-07,Product Quality,Pending,2
90633,1259,2024-07-30,Late Delivery,Resolved,3
90634,1602,2024-11-04,Other,Resolved,5
90635,1615,2024-12-04,Late Delivery,Pending,4
90636,1994,2025-04-03,Other,Resolved,3
90637,1717,2024-06-25,Billing Issue,Resolved,5
90638,1843,2025-05-20,Late Delivery,Escalated,4
90639,1869,2025-05-05,Billing Issue,Resolved,3
90640,1027,2024-11-29,Other,Pending,5
90641,2031,2025-01-23,Late Delivery,Resolved,3
90642,1356,2025-02-24,Other,Resolved,5
90643,1554,2025-03-31,Other,Resolved,5
90644,2178,2024-12-20,Billing Issue,Resolved,3
90645,1573,2024-07-25,Billing Issue,Escalated,2
90646,1276,2024-09-08,Billing Issue,Pending,5
90647,1221,2024-12-29,Other,Resolved,3
90648,2111,2024-12-13,Other,Escalated,3
90649,1051,2025-03-05,Billing Issue,Resolved,1
90650,1842,2025-02-18,Other,Resolved,5
90651,1240,2024-07-23,Billing Issue,Resolved,3
90652,1128,2025-06-09,Product Quality,Resolved,4
90653,1798,2025-02-26,Late Delivery,Resolved,5
90654,1229,2025-05-11,Product Quality,Resolved,2
90655,1195,2025-01-25,Other,Resolved,1
90656,1101,2025-02-22,Late Delivery,Resolved,4
90657,2028,2024-08-19,Other,Resolved,4
90658,1797,2025-01-28,Other,Resolved,4
90659,1712,2024-10-09,Late Delivery,Resolved,3
90660,1162,2025-03-30,Other,Resolved,3
90661,1393,2025-06-08,Other,Resolved,2
90662,2105,2025-05-27,Other,Resolved,3
90663,1749,2025-03-13,Billing Issue,Resolved,5
90664,1081,2025-01-27,Other,Pending,4
90665,1876,2024-10-01,Late Delivery,Escalated,5
90666,1201,2025-02-09,Product Quality,Resolved,2
90667,1703,2024-07-18,Late Delivery,Resolved,4
90668,1682,2025-04-26,Late Delivery,Pending,5
90669,1883,2024-10-02,Product Quality,Escalated,3
90670,1222,2025-04-20,Other,Escalated,3
90671,1017,2025-03-19,Product Quality,Escalated,2
90672,1238,2025-02-15,Product Quality,Pending,5
90673,1749,2024-09-10,Billing Issue,Resolved,2
90674,1346,2024-07-11,Billing Issue,Resolved,5
90675,1450,2024-12-21,Late Delivery,Pending,4
90676,2137,2024-12-12,Late Delivery,Resolved,5
90677,1417,2025-01-19,Billing Issue,Resolved,1
90678,1257,2025-05-23,Product Quality,Pending,4
90679,1055,2025-03-11,Product Quality,Resolved,4
90680,1439,2024-07-21,Product Quality,Pending,4
90681,2162,2024-07-03,Other,Resolved,4
90682,2149,2024-12-07,Billing Issue,Escalated,4
90683,1024,2024-09-22,Other,Resolved,2
90684,1796,2024-09-14,Product Quality,Resolved,4
90685,1092,2024-06-29,Other,Resolved,4
90686,1496,2025-01-06,Late Delivery,Pending,3
90687,1563,2024-06-29,Billing Issue,Resolved,4
90688,1894,2024-08-11,Product Quality,Resolved,4
90689,1712,2024-08-20,Late Delivery,Escalated,5
90690,2181,2024-10-17,Other,Resolved,1
90691,1093,2024-10-19,Late Delivery,Resolved,1
90692,1379,2025-02-03,Product Quality,Resolved,4
90693,1719,2024-12-09,Billing Issue,Escalated,5
90694,1479,2024-10-03,Billing Issue,Pending,4
90695,2029,2025-04-20,Product Quality,Resolved,1
90696,1433,2025-03-03,Billing Issue,Resolved,3
90697,2116,2024-07-10,Late Delivery,Escalated,4
90698,1311,2025-01-11,Product Quality,Resolved,5
90699,1046,2025-04-02,Other,Resolved,2
90700,2167,2024-09-21,Billing Issue,Resolved,5
90701,1762,2025-01-16,Other,Escalated,5
90702,1224,2024-10-29,Billing Issue,Pending,4
90703,1167,2025-04-29,Billing Issue,Resolved,3
90704,1999,2025-03-30,Product Quality,Resolved,4
90705,1406,2024-12-16,Product Quality,Escalated,5
90706,1318,2024-09-28,Late Delivery,Pending,3
90707,1671,2025-01-22,Other,Resolved,5
90708,1933,2025-02-19,Other,Escalated,1
90709,1663,2025-02-08,Product Quality,Resolved,3
90710,2013,2024-09-27,Product Quality,Pending,5
90711,2062,2024-10-29,Other,Resolved,4
90712,2035,2024-10-12,Other,Resolved,4
90713,1551,2025-02-24,Billing Issue,Resolved,3
90714,1056,2025-06-01,Billing Issue,Resolved,5
90715,1869,2024-11-14,Product Quality,Resolved,4
90716,1112,2025-01-29,Other,Resolved,5
90717,1148,2025-02-01,Billing Issue,Pending,5
90718,1498,2024-07-28,Billing Issue,Resolved,2
90719,1546,2025-02-15,Other,Resolved,4
90720,1612,2025-05-24,Other,Resolved,3
90721,1772,2024-11-13,Product Quality,Resolved,2
90722,1781,2025-04-08,Other,Resolved,2
90723,1059,2024-11-12,Product Quality,Resolved,1
90724,1323,2024-12-23,Billing Issue,Resolved,5
90725,1505,2024-11-23,Late Delivery,Resolved,5
90726,1455,2024-08-05,Late Delivery,Resolved,4
90727,1378,2024-10-14,Other,Resolved,4
90728,1557,2025-06-03,Product Quality,Resolved,3
90729,1303,2024-06-14,Late Delivery,Resolved,5
90730,1624,2025-04-24,Billing Issue,Resolved,4
90731,1753,2024-08-25,Billing Issue,Resolved,5
90732,1927,2024-12-04,Product Quality,Escalated,5
90733,1880,2024-10-18,Late Delivery,Resolved,1
90734,2148,2025-02-22,Billing Issue,Resolved,5
90735,1316,2025-01-16,Billing Issue,Resolved,1
90736,2198,2025-01-20,Other,Resolved,5
90737,1694,2024-06-20,Late Delivery,Resolved,5
90738,1606,2025-04-08,Other,Pending,4
90739,1041,2025-01-18,Billing Issue,Pending,3
90740,2075,2025-04-08,Billing Issue,Resolved,1
90741,1344,2024-10-04,Late Delivery,Escalated,2
90742,1906,2024-06-26,Late Delivery,Pending,4
90743,1678,2024-08-01,Product Quality,Escalated,5
90744,1931,2025-03-11,Late Delivery,Resolved,5
90745,1989,2025-01-14,Product Quality,Resolved,4
90746,1659,2024-11-12,Other,Resolved,1
90747,1678,2024-09-14,Late Delivery,Resolved,5
90748,1376,2024-09-14,Other,Resolved,5
90749,1234,2024-06-15,Other,Escalated,4
90750,1562,2025-04-26,Product Quality,Resolved,5
90751,1860,2025-03-31,Billing Issue,Resolved,4
90752,1674,2024-09-23,Product Quality,Resolved,4
90753,1900,2024-09-08,Product Quality,Resolved,5
90754,2085,2024-11-11,Other,Resolved,5
90755,1247,2024-12-20,Billing Issue,Resolved,3
90756,1966,2025-01-29,Late Delivery,Resolved,2
90757,1732,2024-12-27,Late Delivery,Resolved,2
90758,1358,2024-12-23,Other,Pending,4
90759,1393,2025-05-27,Product Quality,Pending,3
90760,1692,2025-05-14,Late Delivery,Pending,4
90761,1338,2025-04-01,Product Quality,Resolved,1
90762,1927,2024-07-25,Billing Issue,Resolved,3
90763,1854,2025-04-12,Late Delivery,Pending,5
90764,2092,2025-05-11,Late Delivery,Resolved,5
90765,2185,2024-08-27,Late Delivery,Resolved,3
90766,1612,2025-01-25,Other,Resolved,3
90767,2014,2024-09-27,Billing Issue,Resolved,5
90768,1827,2025-01-20,Product Quality,Pending,2
90769,1591,2024-07-31,Product Quality,Resolved,3
90770,1189,2025-02-05,Billing Issue,Resolved,5
90771,2121,2025-01-12,Product Quality,Resolved,4
90772,1988,2025-03-26,Other,Resolved,1
90773,1866,2024-07-01,Product Quality,Pending,1
90774,1166,2024-08-01,Other,Resolved,1
90775,1159,2024-10-30,Other,Escalated,4
90776,2073,2024-10-14,Billing Issue,Pending,4
90777,1662,2025-05-21,Other,Resolved,1
90778,1224,2024-06-14,Late Delivery,Resolved,2
90779,1193,2024-12-20,Other,Resolved,5
90780,2072,2025-04-26,Product Quality,Resolved,3
90781,1604,2024-11-17,Billing Issue,Resolved,5
90782,1105,2024-09-18,Product Quality,Resolved,3
90783,1962,2024-09-30,Late Delivery,Pending,3
90784,1281,2024-06-11,Other,Escalated,4
90785,1021,2024-08-05,Late Delivery,Resolved,5
90786,1641,2025-04-28,Other,Resolved,4
90787,1174,2025-03-04,Late Delivery,Escalated,5
90788,1753,2024-08-16,Late Delivery,Resolved,4
90789,1261,2024-08-14,Late Delivery,Resolved,4
90790,1168,2024-06-30,Late Delivery,Resolved,1
90791,2169,2025-04-12,Late Delivery,Resolved,4
90792,1565,2024-07-03,Late Delivery,Pending,1
90793,1221,2025-06-05,Other,Resolved,2
90794,1620,2024-07-02,Product Quality,Resolved,5
90795,1872,2025-01-09,Billing Issue,Resolved,4
90796,1797,2024-08-03,Billing Issue,Pending,5
90797,1883,2024-11-03,Product Quality,Resolved,1
90798,1648,2024-12-08,Other,Resolved,3
90799,2131,2025-05-14,Other,Resolved,5
90800,1555,2024-07-06,Billing Issue,Escalated,4
90801,1143,2025-05-14,Billing Issue,Resolved,3
90802,2186,2024-12-25,Late Delivery,Resolved,4
90803,1989,2024-11-23,Product Quality,Pending,4
90804,1353,2025-04-25,Late Delivery,Pending,5
90805,1228,2025-01-15,Late Delivery,Resolved,3
90806,1659,2024-08-04,Late Delivery,Pending,5
90807,2120,2025-01-20,Product Quality,Resolved,5
90808,1498,2024-07-28,Product Quality,Resolved,4
90809,2025,2024-09-22,Product Quality,Pending,5
90810,1179,2025-01-07,Late Delivery,Pending,5
90811,1161,2024-06-25,Other,Resolved,5
90812,1310,2025-01-25,Product Quality,Resolved,5
90813,1045,2025-01-12,Late Delivery,Resolved,1
90814,1819,2024-12-28,Other,Resolved,5
90815,2052,2024-09-22,Billing Issue,Resolved,4
90816,1212,2024-06-14,Late Delivery,Escalated,4
90817,1927,2025-03-01,Billing Issue,Resolved,3
90818,2029,2024-06-24,Billing Issue,Resolved,4
90819,1341,2024-08-04,Product Quality,Resolved,1
90820,1200,2024-08-01,Late Delivery,Resolved,3
90821,1666,2024-08-19,Product Quality,Resolved,4
90822,1302,2024-06-22,Other,Resolved,2
90823,1140,2024-12-07,Product Quality,Resolved,4
90824,1747,2024-10-16,Billing Issue,Resolved,5
90825,1013,2024-11-22,Billing Issue,Resolved,1
90826,1372,2024-10-16,Late Delivery,Resolved,4
90827,2013,2024-12-18,Other,Resolved,4
90828,1102,2024-10-11,Billing Issue,Resolved,5
90829,1874,2024-07-29,Late Delivery,Resolved,4
90830,1839,2025-03-23,Late Delivery,Resolved,4
90831,2079,2025-02-16,Product Quality,Resolved,3
90832,1096,2024-08-09,Billing Issue,Escalated,5
90833,1423,2025-04-06,Product Quality,Resolved,4
90834,1668,2024-07-16,Billing Issue,Resolved,4
90835,1666,2025-04-16,Billing Issue,Pending,5
90836,1505,2024-07-21,Other,Resolved,2
90837,1354,2025-04-09,Product Quality,Resolved,2
90838,2097,2025-04-22,Late Delivery,Resolved,5
90839,1022,2024-06-28,Product Quality,Resolved,4
90840,1173,2025-05-11,Other,Escalated,4
90841,1655,2025-03-29,Billing Issue,Resolved,1
90842,1449,2024-08-04,Product Quality,Resolved,3
90843,2170,2025-02-19,Product Quality,Resolved,4
90844,1995,2024-11-03,Other,Resolved,4
90845,1388,2024-07-06,Billing Issue,Resolved,4
90846,1034,2024-08-01,Billing Issue,Resolved,4
90847,1304,2024-07-13,Late Delivery,Resolved,5
90848,1083,2024-12-25,Billing Issue,Resolved,5
90849,1484,2024-08-01,Billing Issue,Pending,1
90850,1367,2024-07-27,Billing Issue,Resolved,2
90851,1320,2025-01-10,Billing Issue,Pending,5
90852,1049,2025-03-12,Billing Issue,Resolved,3
90853,1630,2024-06-17,Late Delivery,Resolved,4
90854,1271,2025-01-25,Billing Issue,Resolved,5
90855,1479,2025-03-04,Product Quality,Resolved,4
90856,1346,2024-12-02,Product Quality,Resolved,1
90857,1743,2024-11-14,Billing Issue,Resolved,5
90858,1847,2025-04-09,Product Quality,Escalated,5
90859,1212,2024-10-15,Late Delivery,Resolved,1
90860,1913,2024-10-24,Product Quality,Resolved,5
90861,1892,2024-08-26,Late Delivery,Resolved,5
90862,1080,2024-09-08,Late Delivery,Resolved,3
90863,1112,2024-11-30,Other,Resolved,1
90864,1278,2024-07-18,Product Quality,Resolved,4
90865,1399,2024-07-07,Product Quality,Resolved,5
90866,1512,2025-05-27,Billing Issue,Resolved,4
90867,1764,2024-06-29,Billing Issue,Resolved,3
90868,1332,2024-09-02,Other,Resolved,3
90869,1167,2025-05-13,Billing Issue,Pending,3
90870,1899,2024-12-10,Product Quality,Resolved,5
90871,1444,2025-03-09,Late Delivery,Resolved,5
90872,1514,2024-10-16,Other,Resolved,4
90873,1407,2024-12-06,Late Delivery,Resolved,5
90874,2083,2024-06-29,Billing Issue,Pending,3
90875,1569,2024-09-04,Late Delivery,Resolved,4
90876,1983,2025-03-07,Other,Resolved,5
90877,1712,2024-12-03,Product Quality,Resolved,3
90878,2164,2024-09-12,Product Quality,Resolved,5
90879,1201,2024-10-14,Other,Pending,4
90880,1237,2025-02-13,Late Delivery,Resolved,4
90881,1479,2024-10-31,Other,Resolved,1
90882,1760,2025-05-28,Product Quality,Resolved,5
90883,1811,2025-04-29,Late Delivery,Pending,5
90884,1958,2024-08-05,Billing Issue,Resolved,1
90885,1519,2025-04-10,Product Quality,Escalated,4
90886,1412,2024-10-05,Other,Resolved,5
90887,1752,2025-01-18,Product Quality,Pending,5
90888,1788,2024-08-08,Billing Issue,Resolved,1
90889,1938,2025-01-24,Late Delivery,Pending,4
90890,1702,2025-01-01,Other,Pending,3
90891,1844,2025-01-16,Product Quality,Resolved,4
90892,2180,2024-12-06,Product Quality,Pending,4
90893,1012,2025-05-11,Other,Resolved,1
90894,1848,2024-10-28,Late Delivery,Resolved,3
90895,1172,2024-12-19,Billing Issue,Resolved,5
90896,1311,2025-04-24,Other,Pending,5
90897,2119,2024-11-27,Product Quality,Resolved,3
90898,1245,2024-10-31,Billing Issue,Escalated,4
90899,1338,2025-03-05,Late Delivery,Resolved,5
90900,1064,2024-09-03,Other,Resolved,3
90901,1721,2024-07-12,Late Delivery,Resolved,5
90902,1727,2025-02-11,Billing Issue,Pending,4
90903,1466,2025-05-30,Late Delivery,Resolved,5
90904,1011,2025-05-08,Billing Issue,Resolved,4
90905,1791,2024-09-14,Product Quality,Escalated,2
90906,2105,2024-08-06,Billing Issue,Resolved,2
90907,1984,2024-07-09,Other,Resolved,1
90908,1370,2024-08-16,Billing Issue,Resolved,5
90909,2189,2025-03-15,Billing Issue,Resolved,4
90910,2087,2025-05-17,Product Quality,Resolved,1
90911,1080,2025-02-18,Late Delivery,Resolved,2
90912,2053,2024-08-18,Product Quality,Resolved,3
90913,2020,2024-09-25,Other,Resolved,4
90914,1984,2024-10-17,Billing Issue,Pending,5
90915,1274,2024-07-23,Product Quality,Resolved,4
90916,1944,2024-08-27,Other,Resolved,5
90917,1241,2024-08-23,Late Delivery,Resolved,3
90918,1665,2025-03-16,Product Quality,Resolved,3
90919,1356,2025-01-27,Billing Issue,Resolved,5
90920,1304,2024-10-11,Product Quality,Resolved,4
90921,1343,2024-06-21,Product Quality,Resolved,4
90922,1178,2025-04-13,Billing Issue,Resolved,4
90923,2043,2025-02-01,Other,Resolved,4
90924,2065,2024-07-01,Billing Issue,Resolved,4
90925,1261,2024-10-02,Late Delivery,Pending,4
90926,1387,2025-05-13,Product Quality,Pending,2
90927,1301,2024-08-31,Other,Resolved,5
90928,1587,2025-05-17,Late Delivery,Resolved,2
90929,2136,2024-12-25,Billing Issue,Pending,3
90930,1363,2025-04-24,Other,Resolved,5
90931,1746,2024-07-02,Other,Resolved,4
90932,1176,2025-03-27,Billing Issue,Pending,5
90933,1408,2024-10-26,Other,Pending,3
90934,1560,2024-09-04,Late Delivery,Resolved,5
90935,1410,2024-10-20,Other,Resolved,4
90936,1177,2025-04-25,Late Delivery,Resolved,3
90937,1744,2025-04-29,Other,Resolved,5
90938,1900,2025-05-14,Product Quality,Resolved,5
90939,1049,2024-07-09,Other,Resolved,5
90940,1812,2025-02-25,Late Delivery,Resolved,1
90941,1282,2025-01-20,Product Quality,Pending,1
90942,1469,2025-02-26,Billing Issue,Resolved,2
90943,2151,2024-06-29,Billing Issue,Resolved,5
90944,2022,2024-10-29,Other,Resolved,5
90945,1296,2025-01-14,Product Quality,Resolved,4
90946,1614,2024-07-03,Other,Resolved,4
90947,2043,2024-10-22,Other,Resolved,4
90948,1722,2024-07-10,Product Quality,Resolved,3
90949,1654,2024-06-11,Billing Issue,Pending,5
90950,1850,2024-10-12,Product Quality,Escalated,5
90951,2171,2025-04-25,Late Delivery,Resolved,5
90952,2113,2025-04-26,Product Quality,Resolved,5
90953,1847,2024-11-09,Billing Issue,Resolved,3
90954,1240,2024-12-03,Product Quality,Resolved,3
90955,1899,2024-07-30,Late Delivery,Pending,4
90956,1855,2025-03-06,Product Quality,Resolved,4
90957,1652,2024-11-16,Other,Pending,4
90958,2120,2025-03-24,Product Quality,Resolved,4
90959,2011,2024-12-21,Product Quality,Resolved,5
90960,1182,2024-09-03,Billing Issue,Resolved,5
90961,1860,2025-01-14,Other,Resolved,2
90962,1738,2024-09-05,Other,Resolved,1
90963,1193,2025-04-08,Other,Resolved,3
90964,2162,2024-08-03,Product Quality,Resolved,5
90965,1370,2025-03-25,Late Delivery,Escalated,5
90966,1493,2025-01-16,Billing Issue,Resolved,3
90967,1868,2024-11-10,Product Quality,Pending,3
90968,1865,2024-11-07,Billing Issue,Resolved,2
90969,2172,2025-01-18,Product Quality,Resolved,3
90970,1370,2025-01-25,Other,Pending,2
90971,1657,2025-02-09,Billing Issue,Resolved,3
90972,1116,2024-09-20,Other,Resolved,4
90973,1930,2024-10-28,Product Quality,Resolved,2
90974,1846,2025-01-31,Late Delivery,Pending,3
90975,1121,2024-12-02,Billing Issue,Resolved,4
90976,1958,2024-11-06,Other,Resolved,3
90977,1731,2025-01-09,Product Quality,Resolved,4
90978,1079,2024-09-11,Other,Resolved,4
90979,1979,2024-07-24,Product Quality,Resolved,5
90980,1140,2025-05-20,Other,Resolved,5
90981,1821,2025-05-30,Other,Resolved,2
90982,1740,2024-08-20,Product Quality,Pending,3
90983,1289,2024-09-29,Other,Resolved,4
90984,1329,2024-08-31,Billing Issue,Resolved,4
90985,1872,2025-03-27,Billing Issue,Resolved,1
90986,1100,2025-02-01,Product Quality,Resolved,3
90987,2031,2024-10-26,Product Quality,Resolved,3
90988,2195,2025-01-14,Other,Resolved,4
90989,1372,2025-06-06,Product Quality,Resolved,3
90990,1544,2024-06-18,Other,Resolved,4
90991,1725,2024-12-05,Billing Issue,Pending,4
90992,1497,2024-09-09,Late Delivery,Resolved,3
90993,2083,2025-02-08,Late Delivery,Resolved,4
90994,1335,2024-06-21,Product Quality,Escalated,5
90995,1030,2024-12-16,Billing Issue,Resolved,2
90996,2161,2024-07-16,Product Quality,Resolved,3
90997,1316,2025-04-27,Product Quality,Resolved,3
90998,1460,2024-11-15,Billing Issue,Pending,3
90999,1734,2024-08-06,Late Delivery,Resolved,5
91000,1247,2025-03-30,Other,Resolved,2
91001,2053,2024-06-13,Billing Issue,Resolved,5
91002,1179,2024-09-28,Product Quality,Resolved,3
91003,1278,2024-07-21,Late Delivery,Escalated,4
91004,2152,2024-07-08,Billing Issue,Escalated,4
91005,1307,2025-05-24,Other,Resolved,4
91006,2097,2024-10-31,Other,Resolved,4
91007,1373,2024-08-10,Late Delivery,Resolved,4
91008,1726,2024-12-15,Other,Escalated,3
91009,1434,2025-04-22,Billing Issue,Resolved,5
91010,2086,2024-12-26,Billing Issue,Pending,5
91011,2068,2025-01-10,Late Delivery,Resolved,1
91012,1861,2024-11-08,Late Delivery,Pending,3
91013,1523,2024-12-19,Other,Resolved,4
91014,1694,2025-03-10,Product Quality,Pending,5
91015,1695,2024-06-29,Product Quality,Resolved,5
91016,1061,2024-10-07,Late Delivery,Resolved,5
91017,1483,2025-01-12,Product Quality,Pending,3
91018,1022,2024-07-22,Product Quality,Pending,3
91019,1515,2025-01-19,Billing Issue,Resolved,3
91020,1751,2024-11-03,Product Quality,Resolved,4
91021,1716,2024-11-12,Billing Issue,Resolved,5
91022,2022,2025-01-10,Product Quality,Resolved,3
91023,1833,2025-05-20,Late Delivery,Resolved,4
91024,1758,2025-06-09,Billing Issue,Resolved,5
91025,1683,2025-02-24,Product Quality,Resolved,4
91026,1858,2024-06-26,Other,Resolved,4
91027,1994,2024-11-20,Other,Resolved,3
91028,1573,2024-07-28,Other,Resolved,4
91029,1673,2025-03-06,Late Delivery,Resolved,5
91030,1224,2025-05-07,Billing Issue,Resolved,5
91031,1537,2025-02-26,Product Quality,Resolved,5
91032,1306,2025-04-17,Late Delivery,Resolved,4
91033,1303,2024-10-08,Other,Pending,1
91034,1634,2024-08-10,Billing Issue,Resolved,2
91035,1578,2024-12-18,Product Quality,Resolved,1
91036,1015,2024-10-02,Product Quality,Resolved,3
91037,1518,2025-01-26,Billing Issue,Resolved,4
91038,1253,2024-10-30,Late Delivery,Resolved,5
91039,2109,2024-08-13,Billing Issue,Pending,1
91040,1730,2025-01-03,Late Delivery,Pending,3
91041,1163,2025-05-03,Other,Resolved,4
91042,2106,2024-06-28,Other,Resolved,5
91043,1774,2024-09-02,Late Delivery,Resolved,1
91044,1590,2024-11-11,Billing Issue,Pending,3
91045,1402,2025-02-14,Late Delivery,Pending,4
91046,1811,2025-02-26,Other,Pending,3
91047,1148,2024-12-06,Product Quality,Resolved,5
91048,1975,2024-08-09,Billing Issue,Resolved,4
91049,2179,2025-03-06,Other,Pending,5
91050,1129,2024-11-20,Late Delivery,Pending,5
91051,1119,2025-04-26,Other,Resolved,3
91052,1416,2024-06-27,Product Quality,Pending,3
91053,1835,2025-05-24,Late Delivery,Resolved,3
91054,2034,2025-05-13,Billing Issue,Escalated,4
91055,1842,2025-06-04,Product Quality,Pending,1
91056,1178,2024-07-15,Late Delivery,Resolved,5
91057,1544,2024-09-28,Other,Resolved,2
91058,1577,2025-04-17,Other,Resolved,5
91059,2050,2024-08-04,Billing Issue,Resolved,4
91060,1742,2024-09-23,Late Delivery,Resolved,4
91061,2089,2024-08-06,Other,Resolved,4
91062,1396,2024-09-03,Billing Issue,Escalated,5
91063,1938,2025-05-30,Product Quality,Resolved,3
91064,1183,2024-09-16,Billing Issue,Resolved,3
91065,1264,2024-12-29,Product Quality,Escalated,3
91066,1027,2025-04-21,Late Delivery,Resolved,4
91067,1508,2024-09-29,Other,Resolved,1
91068,1703,2025-02-28,Late Delivery,Resolved,4
91069,1128,2024-07-18,Product Quality,Resolved,4
91070,1828,2025-01-11,Late Delivery,Resolved,4
91071,1419,2025-01-01,Product Quality,Resolved,3
91072,1824,2025-04-13,Late Delivery,Resolved,5
91073,1893,2024-10-11,Other,Pending,3
91074,1544,2024-12-26,Late Delivery,Resolved,4
91075,2103,2024-10-30,Billing Issue,Resolved,3
91076,1789,2024-07-19,Other,Pending,5
91077,2080,2024-10-09,Billing Issue,Pending,3
91078,1861,2024-11-03,Billing Issue,Resolved,5
91079,2078,2025-02-03,Other,Resolved,4
91080,1202,2025-03-18,Product Quality,Resolved,2
91081,1223,2024-11-29,Billing Issue,Resolved,4
91082,2153,2024-07-24,Billing Issue,Resolved,4
91083,1330,2024-12-01,Billing Issue,Resolved,4
91084,1881,2024-11-15,Late Delivery,Pending,5
91085,1896,2024-07-05,Product Quality,Pending,4
91086,1128,2025-02-10,Billing Issue,Resolved,2
91087,2165,2025-05-12,Other,Resolved,1
91088,1470,2024-10-12,Billing Issue,Resolved,5
91089,1582,2024-08-01,Billing Issue,Resolved,4
91090,1161,2025-04-28,Late Delivery,Resolved,4
91091,1515,2025-02-06,Product Quality,Resolved,2
91092,1882,2025-05-17,Billing Issue,Resolved,4
91093,1524,2025-05-29,Billing Issue,Resolved,4
91094,2051,2024-06-17,Billing Issue,Resolved,4
91095,1369,2024-09-24,Late Delivery,Resolved,5
91096,2037,2024-09-23,Late Delivery,Pending,4
91097,1123,2024-08-05,Other,Pending,5
91098,1715,2024-07-26,Billing Issue,Resolved,2
91099,1715,2025-06-07,Late Delivery,Resolved,5
91100,1676,2024-12-22,Other,Pending,4
91101,1320,2025-02-01,Other,Resolved,3
91102,1634,2024-06-15,Product Quality,Resolved,5
91103,1644,2024-10-07,Other,Resolved,4
91104,1530,2025-02-27,Billing Issue,Resolved,4
91105,2042,2025-04-13,Product Quality,Escalated,2
91106,2030,2025-05-04,Product Quality,Resolved,4
91107,1043,2025-04-23,Product Quality,Resolved,3
91108,2008,2025-02-21,Late Delivery,Resolved,3
91109,1777,2025-05-01,Late Delivery,Resolved,5
91110,1189,2024-08-17,Product Quality,Pending,2
91111,1847,2024-07-17,Late Delivery,Resolved,5
91112,1473,2025-05-31,Late Delivery,Resolved,4
91113,1273,2024-10-26,Billing Issue,Resolved,2
91114,1690,2025-05-31,Other,Resolved,5
91115,1949,2025-03-13,Billing Issue,Escalated,4
91116,2114,2024-08-04,Billing Issue,Resolved,3
91117,1270,2024-08-02,Billing Issue,Resolved,3
91118,1551,2025-06-01,Product Quality,Escalated,4
91119,2144,2025-02-21,Late Delivery,Resolved,2
91120,1567,2025-03-10,Product Quality,Resolved,5
91121,1675,2025-04-17,Billing Issue,Resolved,3
91122,1859,2024-09-19,Other,Resolved,5
91123,1464,2025-02-08,Billing Issue,Resolved,5
91124,1828,2025-04-23,Late Delivery,Pending,5
91125,1798,2025-01-06,Other,Pending,1
91126,2114,2024-06-10,Other,Resolved,3
91127,1359,2024-10-18,Late Delivery,Pending,4
91128,1380,2025-04-19,Late Delivery,Resolved,5
91129,1167,2024-09-23,Billing Issue,Resolved,2
91130,1692,2024-11-13,Late Delivery,Resolved,5
91131,1616,2024-09-27,Other,Resolved,1
91132,1570,2025-05-25,Late Delivery,Pending,4
91133,1126,2024-09-26,Billing Issue,Resolved,1
91134,1345,2025-03-22,Product Quality,Resolved,2
91135,1669,2025-02-15,Product Quality,Resolved,5
91136,1767,2025-02-26,Billing Issue,Resolved,1
91137,1540,2025-02-10,Other,Resolved,4
91138,1211,2024-08-10,Product Quality,Resolved,1
91139,2001,2024-07-16,Billing Issue,Escalated,5
91140,1266,2025-03-14,Product Quality,Resolved,5
91141,1970,2024-11-05,Other,Resolved,5
91142,1254,2024-09-05,Other,Resolved,5
91143,1030,2025-01-30,Other,Pending,4
91144,1967,2025-01-13,Late Delivery,Resolved,4
91145,1788,2025-04-10,Other,Resolved,4
91146,1699,2024-08-17,Other,Resolved,4
91147,1030,2025-03-17,Other,Pending,3
91148,1161,2024-11-09,Product Quality,Pending,1
91149,1347,2024-12-31,Billing Issue,Resolved,2
91150,1965,2024-11-14,Billing Issue,Escalated,4
91151,1474,2025-04-15,Other,Pending,3
91152,1509,2025-05-31,Product Quality,Resolved,5
91153,1057,2024-06-25,Billing Issue,Resolved,3
91154,2091,2024-08-31,Product Quality,Pending,2
91155,1028,2025-02-26,Billing Issue,Resolved,3
91156,1654,2024-12-01,Late Delivery,Resolved,4
91157,1232,2025-01-18,Other,Resolved,4
91158,2131,2024-10-30,Product Quality,Resolved,4
91159,2161,2025-03-06,Product Quality,Resolved,2
91160,1659,2024-06-17,Late Delivery,Pending,5
91161,1895,2024-09-23,Billing Issue,Resolved,5
91162,1691,2024-09-17,Product Quality,Resolved,2
91163,1076,2025-01-04,Other,Resolved,4
91164,1455,2025-05-02,Late Delivery,Resolved,3
91165,1345,2024-08-28,Other,Resolved,2
91166,1590,2024-07-06,Billing Issue,Resolved,3
91167,1715,2024-12-12,Other,Pending,4
91168,1459,2024-08-26,Late Delivery,Pending,5
91169,1903,2024-07-29,Late Delivery,Resolved,5
91170,1574,2024-11-29,Product Quality,Resolved,2
91171,1143,2024-08-07,Other,Resolved,4
91172,1579,2024-07-21,Other,Resolved,2
91173,1821,2025-03-17,Billing Issue,Resolved,4
91174,1937,2025-03-15,Product Quality,Resolved,4
91175,2169,2025-02-15,Billing Issue,Resolved,5
91176,1369,2024-12-22,Billing Issue,Escalated,5
91177,1967,2025-03-25,Late Delivery,Resolved,1
91178,1715,2025-03-25,Late Delivery,Resolved,4
91179,1253,2024-11-21,Product Quality,Pending,4
91180,1960,2024-12-13,Billing Issue,Resolved,4
91181,1622,2024-12-08,Other,Resolved,3
91182,2172,2025-01-06,Other,Resolved,1
91183,2151,2024-08-08,Late Delivery,Resolved,5
91184,1897,2024-10-23,Billing Issue,Resolved,3
91185,1352,2025-06-10,Late Delivery,Resolved,5
91186,1121,2025-04-16,Late Delivery,Pending,1
91187,1374,2024-12-19,Product Quality,Resolved,4
91188,1341,2025-04-28,Billing Issue,Resolved,5
91189,1031,2024-08-05,Late Delivery,Escalated,3
91190,1785,2024-10-15,Billing Issue,Resolved,5
91191,1204,2024-12-19,Billing Issue,Resolved,4
91192,1412,2025-01-20,Billing Issue,Pending,3
91193,1561,2025-03-20,Other,Resolved,5
91194,1602,2025-04-12,Late Delivery,Resolved,5
91195,1823,2024-12-29,Billing Issue,Pending,3
91196,1904,2024-07-06,Product Quality,Resolved,5
91197,2056,2025-04-23,Product Quality,Resolved,5
91198,1691,2025-02-12,Late Delivery,Resolved,3
91199,1346,2024-11-25,Product Quality,Escalated,3
91200,1747,2024-06-28,Other,Resolved,5
91201,1294,2025-02-28,Product Quality,Resolved,5
91202,1774,2024-11-03,Late Delivery,Resolved,4
91203,1122,2025-01-05,Billing Issue,Escalated,4
91204,1375,2025-03-05,Other,Resolved,2
91205,1966,2025-04-20,Late Delivery,Escalated,5
91206,1016,2024-07-30,Late Delivery,Resolved,1
91207,1438,2025-03-05,Product Quality,Resolved,3
91208,1349,2025-01-02,Late Delivery,Pending,4
91209,1210,2024-08-08,Billing Issue,Resolved,4
91210,1160,2024-09-26,Late Delivery,Resolved,1
91211,2076,2025-03-19,Late Delivery,Resolved,1
91212,2105,2024-06-16,Billing Issue,Resolved,2
91213,1880,2025-06-07,Late Delivery,Pending,1
91214,1381,2024-10-15,Billing Issue,Escalated,5
91215,1861,2025-04-06,Billing Issue,Escalated,3
91216,1387,2025-06-01,Product Quality,Pending,5
91217,2068,2025-02-27,Late Delivery,Escalated,5
91218,1793,2024-11-08,Other,Escalated,5
91219,1662,2024-11-24,Other,Resolved,4
91220,2194,2025-02-16,Billing Issue,Resolved,4
91221,1075,2025-01-02,Late Delivery,Resolved,4
91222,2032,2024-10-22,Product Quality,Resolved,5
91223,2196,2025-01-03,Product Quality,Pending,5
91224,2006,2024-08-30,Product Quality,Escalated,3
91225,1637,2025-05-22,Billing Issue,Resolved,2
91226,1726,2025-03-28,Product Quality,Resolved,3
91227,1795,2024-11-25,Other,Resolved,2
91228,1647,2024-11-26,Late Delivery,Pending,5
91229,1892,2025-04-11,Late Delivery,Escalated,3
91230,1859,2024-12-12,Other,Resolved,2
91231,1495,2025-01-25,Billing Issue,Resolved,4
91232,1185,2025-03-08,Late Delivery,Resolved,3
91233,1729,2024-06-22,Billing Issue,Resolved,3
91234,2191,2025-03-17,Product Quality,Pending,1
91235,1277,2024-08-04,Billing Issue,Resolved,1
91236,2114,2025-06-05,Other,Escalated,4
91237,1691,2025-06-08,Billing Issue,Escalated,5
91238,1621,2025-03-28,Late Delivery,Resolved,5
91239,1398,2025-01-28,Late Delivery,Resolved,4
91240,1918,2024-07-01,Product Quality,Resolved,4
91241,1284,2024-11-25,Late Delivery,Resolved,3
91242,1231,2024-09-05,Other,Pending,3
91243,1824,2024-09-12,Other,Resolved,4
91244,2045,2024-11-08,Late Delivery,Resolved,5
91245,1938,2024-07-12,Late Delivery,Pending,4
91246,1276,2025-01-11,Late Delivery,Resolved,3
91247,1479,2025-04-02,Late Delivery,Pending,5
91248,1347,2024-07-08,Product Quality,Resolved,4
91249,1975,2024-08-21,Product Quality,Resolved,1
91250,1895,2025-06-05,Product Quality,Resolved,4
91251,1172,2024-08-15,Product Quality,Pending,4
91252,1543,2025-04-04,Product Quality,Resolved,5
91253,2033,2025-04-03,Late Delivery,Resolved,5
91254,1818,2024-12-18,Billing Issue,Resolved,2
91255,1979,2024-12-06,Product Quality,Escalated,4
91256,1544,2024-10-21,Billing Issue,Resolved,4
91257,1202,2025-01-09,Product Quality,Resolved,3
91258,1717,2025-01-01,Billing Issue,Pending,2
91259,1539,2024-12-03,Late Delivery,Escalated,3
91260,1383,2024-12-24,Late Delivery,Resolved,4
91261,1988,2024-12-09,Other,Resolved,3
91262,1882,2025-02-08,Late Delivery,Resolved,4
91263,2022,2024-07-25,Other,Resolved,3
91264,1246,2024-08-25,Billing Issue,Resolved,2
91265,1116,2024-09-12,Product Quality,Resolved,5
91266,2141,2024-12-25,Late Delivery,Resolved,4
91267,1849,2024-09-08,Other,Escalated,4
91268,1125,2025-03-18,Billing Issue,Resolved,3
91269,1033,2024-10-19,Product Quality,Resolved,3
91270,1473,2025-04-10,Late Delivery,Pending,2
91271,1604,2024-09-08,Product Quality,Resolved,1
91272,1763,2025-02-15,Product Quality,Pending,4
91273,1850,2024-11-23,Late Delivery,Resolved,3
91274,1023,2025-05-01,Other,Resolved,3
91275,1948,2024-08-17,Late Delivery,Resolved,2
91276,1995,2024-07-31,Other,Pending,2
91277,2106,2024-06-27,Other,Resolved,4
91278,1203,2024-10-20,Product Quality,Resolved,5
91279,1555,2025-06-10,Other,Resolved,5
91280,2131,2024-09-21,Other,Resolved,3
91281,2098,2024-11-06,Late Delivery,Resolved,4
91282,1201,2024-08-01,Other,Pending,2
91283,1385,2024-06-18,Late Delivery,Resolved,4
91284,1912,2024-06-12,Late Delivery,Escalated,4
91285,2043,2025-05-19,Billing Issue,Resolved,1
91286,1844,2024-06-23,Other,Resolved,4
91287,1645,2024-11-21,Late Delivery,Resolved,4
91288,1695,2025-02-07,Late Delivery,Escalated,3
91289,1645,2025-06-08,Product Quality,Resolved,4
91290,1121,2025-01-12,Other,Resolved,1
91291,2159,2025-05-26,Other,Escalated,5
91292,1255,2024-11-08,Product Quality,Resolved,4
91293,1545,2025-03-10,Late Delivery,Resolved,1
91294,1006,2024-09-15,Product Quality,Escalated,5
91295,2158,2024-09-18,Billing Issue,Resolved,3
91296,1222,2025-02-17,Late Delivery,Pending,5
91297,1882,2024-08-25,Other,Resolved,2
91298,1715,2025-03-11,Product Quality,Resolved,1
91299,1634,2025-04-28,Product Quality,Resolved,5
91300,2156,2024-10-16,Late Delivery,Resolved,5
91301,1052,2024-11-21,Product Quality,Resolved,1
91302,1742,2024-11-09,Product Quality,Resolved,5
91303,1349,2025-04-22,Other,Resolved,1
91304,1270,2024-08-04,Product Quality,Resolved,5
91305,1405,2024-12-09,Late Delivery,Resolved,4
91306,1617,2024-10-18,Late Delivery,Resolved,5
91307,2183,2025-03-17,Product Quality,Resolved,3
91308,2193,2025-05-23,Product Quality,Resolved,5
91309,1618,2024-06-30,Other,Resolved,3
91310,1824,2024-07-09,Product Quality,Escalated,3
91311,1984,2024-10-23,Late Delivery,Resolved,5
91312,1399,2024-09-30,Product Quality,Pending,2
91313,1341,2024-08-19,Product Quality,Resolved,4
91314,1617,2025-05-11,Product Quality,Resolved,4
91315,1007,2025-03-03,Billing Issue,Escalated,3
91316,1024,2024-12-28,Billing Issue,Pending,3
91317,1569,2024-06-16,Product Quality,Pending,3
91318,1727,2024-09-03,Product Quality,Pending,5
91319,1320,2024-08-06,Billing Issue,Pending,3
91320,1537,2024-09-22,Other,Pending,3
91321,1483,2025-05-08,Product Quality,Pending,4
91322,1566,2025-03-23,Product Quality,Resolved,4
91323,2110,2025-02-02,Other,Resolved,4
91324,1503,2025-03-24,Late Delivery,Resolved,5
91325,1802,2024-06-22,Billing Issue,Resolved,4
91326,1763,2024-11-05,Billing Issue,Resolved,3
91327,2061,2024-12-14,Other,Resolved,5
91328,1286,2025-02-26,Billing Issue,Resolved,1
91329,1507,2025-02-22,Late Delivery,Resolved,5
91330,1626,2024-08-23,Late Delivery,Resolved,4
91331,1755,2024-11-16,Billing Issue,Resolved,3
91332,1130,2024-09-06,Late Delivery,Resolved,2
91333,1304,2024-07-20,Late Delivery,Resolved,3
91334,1924,2024-12-29,Late Delivery,Resolved,5
91335,1727,2025-03-07,Product Quality,Resolved,5
91336,1536,2025-01-27,Other,Resolved,2
91337,1227,2025-02-10,Billing Issue,Resolved,4
91338,1658,2025-02-10,Product Quality,Resolved,5
91339,1324,2024-10-14,Billing Issue,Escalated,5
91340,1008,2024-08-03,Other,Resolved,4
91341,1858,2024-07-19,Late Delivery,Resolved,3
91342,1056,2024-10-30,Billing Issue,Resolved,5
91343,1551,2025-03-16,Billing Issue,Resolved,5
91344,1980,2025-05-14,Product Quality,Escalated,3
91345,1274,2024-06-24,Product Quality,Resolved,4
91346,2121,2024-07-20,Late Delivery,Resolved,1
91347,1658,2024-06-20,Other,Resolved,4
91348,2122,2024-10-29,Late Delivery,Pending,1
91349,1767,2024-06-11,Product Quality,Resolved,5
91350,1565,2025-03-31,Billing Issue,Pending,5
91351,2057,2025-03-06,Billing Issue,Pending,3
91352,1277,2025-04-28,Other,Pending,5
91353,1967,2024-11-16,Late Delivery,Resolved,4
91354,1801,2024-10-21,Late Delivery,Resolved,5
91355,1900,2024-07-11,Late Delivery,Resolved,1
91356,1427,2025-04-22,Billing Issue,Resolved,4
91357,2154,2024-11-06,Other,Pending,3
91358,1296,2025-04-06,Billing Issue,Pending,3
91359,1562,2025-01-01,Other,Resolved,3
91360,1479,2025-02-11,Other,Resolved,4
91361,1575,2024-08-17,Late Delivery,Escalated,3
91362,1110,2024-10-25,Billing Issue,Resolved,4
91363,1862,2025-05-03,Billing Issue,Pending,3
91364,1597,2024-06-20,Other,Resolved,3
91365,1114,2025-06-08,Billing Issue,Resolved,5
91366,2140,2024-11-01,Other,Resolved,3
91367,1549,2024-08-09,Billing Issue,Resolved,1
91368,1138,2024-08-11,Billing Issue,Resolved,5
91369,1529,2025-01-16,Other,Resolved,3
91370,1883,2025-03-30,Billing Issue,Escalated,5
91371,1280,2025-02-17,Late Delivery,Pending,4
91372,1177,2024-08-22,Late Delivery,Escalated,5
91373,1746,2025-02-27,Product Quality,Resolved,4
91374,1242,2024-12-27,Other,Resolved,2
91375,1542,2024-07-08,Late Delivery,Resolved,1
91376,1081,2024-11-24,Product Quality,Resolved,5
91377,1013,2025-01-12,Other,Pending,5
91378,1444,2024-06-10,Billing Issue,Resolved,2
91379,1138,2025-04-04,Other,Pending,5
91380,1391,2025-02-02,Billing Issue,Resolved,5
91381,1831,2025-01-25,Other,Resolved,3
91382,1455,2024-11-13,Billing Issue,Resolved,2
91383,1550,2024-08-28,Other,Resolved,3
91384,1310,2024-06-10,Other,Resolved,5
91385,1488,2024-10-26,Late Delivery,Resolved,4
91386,1368,2024-10-01,Billing Issue,Resolved,5
91387,2193,2025-05-07,Other,Resolved,1
91388,1173,2024-11-01,Late Delivery,Escalated,5
91389,1588,2025-03-28,Late Delivery,Escalated,4
91390,2162,2024-08-04,Late Delivery,Resolved,2
91391,1761,2025-04-18,Billing Issue,Pending,4
91392,1238,2024-11-08,Late Delivery,Pending,5
91393,1913,2024-07-10,Product Quality,Pending,2
91394,1632,2025-01-13,Product Quality,Resolved,4
91395,1011,2024-09-28,Other,Resolved,4
91396,1401,2024-07-22,Billing Issue,Resolved,4
91397,1203,2024-12-09,Product Quality,Resolved,4
91398,1527,2024-09-23,Late Delivery,Resolved,5
91399,1516,2024-07-20,Product Quality,Escalated,5
91400,1857,2025-05-10,Billing Issue,Pending,4
91401,1181,2025-01-31,Product Quality,Resolved,5
91402,1431,2024-12-28,Product Quality,Resolved,3
91403,1735,2025-04-19,Product Quality,Resolved,3
91404,1413,2025-02-15,Late Delivery,Resolved,5
91405,1543,2025-04-05,Late Delivery,Resolved,1
91406,1329,2024-12-21,Product Quality,Resolved,3
91407,1560,2024-07-01,Late Delivery,Resolved,3
91408,1961,2024-10-01,Product Quality,Resolved,1
91409,1131,2025-03-13,Product Quality,Escalated,4
91410,1662,2024-06-12,Product Quality,Resolved,5
91411,1371,2025-05-05,Other,Resolved,1
91412,1456,2024-11-06,Other,Pending,3
91413,1025,2025-01-31,Other,Resolved,5
91414,2018,2025-06-01,Billing Issue,Resolved,4
91415,2005,2024-08-02,Billing Issue,Resolved,5
91416,1309,2025-03-27,Other,Resolved,5
91417,1179,2024-08-02,Late Delivery,Resolved,5
91418,1206,2024-11-19,Billing Issue,Pending,3
91419,1005,2025-01-06,Other,Resolved,3
91420,1178,2024-07-06,Other,Resolved,5
91421,1315,2024-10-02,Other,Resolved,4
91422,1917,2024-06-26,Late Delivery,Escalated,4
91423,1847,2024-06-13,Product Quality,Pending,4
91424,1131,2024-07-24,Billing Issue,Resolved,4
91425,1306,2025-01-24,Product Quality,Resolved,3
91426,1310,2024-07-11,Late Delivery,Pending,4
91427,2115,2024-11-15,Product Quality,Resolved,3
91428,1262,2024-09-10,Billing Issue,Resolved,3
91429,1809,2025-01-30,Late Delivery,Resolved,4
91430,1438,2024-07-05,Billing Issue,Resolved,4
91431,1522,2024-10-30,Billing Issue,Resolved,4
91432,2142,2025-03-26,Billing Issue,Pending,4
91433,2198,2024-10-11,Other,Resolved,4
91434,1230,2024-12-11,Billing Issue,Resolved,4
91435,1157,2024-09-29,Product Quality,Escalated,1
91436,1334,2025-05-03,Late Delivery,Pending,4
91437,1712,2024-08-10,Other,Resolved,4
91438,1744,2024-12-06,Billing Issue,Resolved,4
91439,1977,2025-05-29,Billing Issue,Resolved,1
91440,1299,2025-02-23,Product Quality,Resolved,5
91441,1720,2024-07-25,Billing Issue,Resolved,4
91442,1013,2025-02-23,Late Delivery,Resolved,2
91443,1701,2025-05-10,Billing Issue,Resolved,5
91444,1383,2024-12-05,Other,Resolved,5
91445,1175,2024-12-07,Billing Issue,Resolved,2
91446,1403,2024-10-30,Other,Escalated,5
91447,1643,2025-02-15,Billing Issue,Resolved,4
91448,1875,2025-06-07,Late Delivery,Resolved,3
91449,1456,2024-10-14,Billing Issue,Resolved,4
91450,1680,2024-08-08,Late Delivery,Pending,4
91451,1268,2025-02-15,Late Delivery,Resolved,5
91452,1671,2024-07-30,Billing Issue,Resolved,5
91453,1675,2024-08-29,Other,Resolved,4
91454,1340,2025-03-22,Product Quality,Escalated,4
91455,2051,2024-07-17,Other,Resolved,1
91456,1564,2025-03-06,Billing Issue,Escalated,2
91457,1135,2024-11-16,Product Quality,Pending,1
91458,1813,2024-07-23,Billing Issue,Resolved,1
91459,1801,2025-01-03,Product Quality,Resolved,1
91460,2041,2024-11-26,Other,Resolved,1
91461,1628,2025-03-29,Other,Resolved,5
91462,1806,2025-03-13,Late Delivery,Escalated,4
91463,1418,2025-01-09,Late Delivery,Resolved,5
91464,2073,2024-09-29,Billing Issue,Pending,2
91465,2085,2024-06-22,Billing Issue,Resolved,5
91466,2008,2025-01-03,Product Quality,Resolved,1
91467,1146,2024-08-08,Product Quality,Pending,3
91468,1702,2024-11-19,Late Delivery,Pending,3
91469,2030,2024-11-22,Product Quality,Resolved,3
91470,1863,2024-09-25,Late Delivery,Escalated,2
91471,1432,2025-03-26,Late Delivery,Resolved,4
91472,1344,2024-10-04,Product Quality,Resolved,1
91473,1618,2025-02-09,Billing Issue,Resolved,5
91474,1779,2024-06-10,Product Quality,Resolved,1
91475,1533,2024-10-28,Billing Issue,Resolved,5
91476,1487,2024-12-16,Late Delivery,Resolved,5
91477,1055,2025-01-29,Late Delivery,Resolved,4
91478,1177,2025-04-16,Billing Issue,Resolved,2
91479,1884,2025-01-26,Late Delivery,Resolved,5
91480,1468,2024-10-27,Late Delivery,Resolved,4
91481,1495,2024-09-03,Product Quality,Escalated,4
91482,1988,2024-07-16,Product Quality,Resolved,3
91483,2142,2024-09-11,Late Delivery,Resolved,4
91484,1202,2025-03-31,Product Quality,Resolved,4
91485,1864,2024-08-19,Late Delivery,Escalated,4
91486,1959,2024-08-14,Late Delivery,Resolved,5
91487,2169,2025-04-26,Billing Issue,Resolved,5
91488,1181,2024-07-27,Product Quality,Resolved,5
91489,1036,2025-03-25,Product Quality,Resolved,5
91490,2060,2025-04-16,Late Delivery,Resolved,5
91491,1532,2024-12-28,Billing Issue,Resolved,4
91492,1470,2024-07-22,Other,Resolved,1
91493,2030,2024-10-08,Product Quality,Resolved,4
91494,1459,2024-09-27,Other,Resolved,4
91495,1159,2025-03-15,Product Quality,Resolved,4
91496,2170,2024-10-08,Late Delivery,Escalated,3
91497,1352,2024-09-04,Product Quality,Escalated,5
91498,1874,2024-06-12,Product Quality,Resolved,2
91499,2071,2025-04-19,Late Delivery,Resolved,5
91500,1110,2024-08-04,Billing Issue,Pending,5
91501,1976,2024-07-24,Product Quality,Resolved,5
91502,1487,2024-10-16,Late Delivery,Escalated,3
91503,1217,2024-11-15,Late Delivery,Escalated,3
91504,1104,2025-04-19,Billing Issue,Resolved,5
91505,1680,2025-01-30,Other,Pending,4
91506,2052,2024-11-04,Billing Issue,Resolved,4
91507,1766,2025-02-24,Late Delivery,Resolved,5
91508,1944,2024-07-12,Late Delivery,Resolved,4
91509,1812,2025-02-05,Late Delivery,Resolved,3
91510,1505,2024-10-11,Product Quality,Pending,4
91511,1901,2025-05-23,Product Quality,Pending,4
91512,1241,2024-10-21,Other,Resolved,3
91513,1202,2024-08-26,Other,Pending,2
91514,2159,2024-12-02,Product Quality,Resolved,3
91515,1426,2025-02-14,Product Quality,Pending,5
91516,1354,2024-10-01,Billing Issue,Pending,2
91517,1367,2025-05-23,Product Quality,Resolved,4
91518,1085,2024-09-19,Other,Resolved,3
91519,2181,2025-02-22,Late Delivery,Resolved,5
91520,1337,2025-02-05,Product Quality,Escalated,3
91521,1932,2025-03-08,Billing Issue,Resolved,3
91522,1936,2025-05-01,Late Delivery,Resolved,4
91523,1021,2024-07-18,Product Quality,Resolved,2
91524,1656,2024-12-05,Product Quality,Resolved,3
91525,1492,2025-03-17,Late Delivery,Resolved,5
91526,2161,2024-06-22,Late Delivery,Resolved,4
91527,2027,2024-10-05,Late Delivery,Pending,1
91528,1023,2025-05-21,Billing Issue,Resolved,4
91529,1141,2024-12-18,Billing Issue,Resolved,5
91530,2062,2025-02-13,Billing Issue,Escalated,4
91531,2186,2024-12-18,Late Delivery,Resolved,4
91532,1222,2024-08-06,Product Quality,Pending,4
91533,1743,2025-02-18,Late Delivery,Resolved,4
91534,1020,2024-07-26,Other,Pending,1
91535,2126,2024-10-27,Product Quality,Resolved,5
91536,1905,2024-06-15,Product Quality,Resolved,5
91537,2081,2024-07-14,Late Delivery,Resolved,4
91538,1678,2025-06-06,Other,Resolved,5
91539,2164,2024-10-11,Billing Issue,Pending,4
91540,1117,2025-05-03,Late Delivery,Pending,1
91541,2162,2025-02-23,Product Quality,Resolved,4
91542,1321,2025-05-26,Late Delivery,Resolved,3
91543,1268,2025-02-22,Other,Pending,2
91544,1436,2024-10-25,Late Delivery,Resolved,4
91545,1766,2024-08-31,Other,Escalated,4
91546,2075,2025-03-14,Product Quality,Pending,2
91547,1982,2024-09-02,Other,Resolved,4
91548,1320,2024-12-20,Late Delivery,Resolved,5
91549,1732,2024-06-10,Billing Issue,Pending,4
91550,1745,2025-06-09,Billing Issue,Pending,3
91551,1024,2024-11-25,Billing Issue,Resolved,4
91552,2060,2025-02-11,Other,Pending,5
91553,1875,2025-06-08,Other,Resolved,3
91554,1824,2025-01-18,Other,Resolved,1
91555,1720,2024-11-10,Product Quality,Escalated,5
91556,1826,2025-03-22,Other,Resolved,4
91557,1544,2025-01-18,Late Delivery,Resolved,5
91558,1258,2024-07-14,Late Delivery,Pending,4
91559,1177,2024-09-01,Billing Issue,Resolved,2
91560,1595,2024-07-13,Product Quality,Escalated,4
91561,1890,2024-06-15,Billing Issue,Resolved,1
91562,1268,2025-05-04,Other,Resolved,3
91563,1717,2024-10-29,Other,Escalated,5
91564,1447,2024-12-22,Other,Resolved,4
91565,1675,2024-09-10,Other,Resolved,4
91566,1240,2024-06-28,Billing Issue,Pending,5
91567,1117,2024-11-02,Other,Resolved,2
91568,1266,2025-05-26,Billing Issue,Resolved,4
91569,1656,2024-09-17,Billing Issue,Resolved,4
91570,1804,2024-12-30,Product Quality,Resolved,5
91571,1587,2025-05-30,Product Quality,Resolved,2
91572,2041,2025-02-06,Billing Issue,Resolved,5
91573,1012,2024-08-11,Product Quality,Pending,1
91574,1515,2024-11-08,Other,Resolved,4
91575,1883,2024-07-08,Other,Resolved,4
91576,1585,2024-09-19,Billing Issue,Resolved,5
91577,1083,2024-06-14,Billing Issue,Resolved,3
91578,1383,2025-04-10,Other,Pending,4
91579,1626,2025-05-09,Billing Issue,Pending,1
91580,1084,2025-03-11,Billing Issue,Pending,3
91581,1984,2024-08-12,Late Delivery,Resolved,5
91582,1513,2024-08-02,Other,Resolved,5
91583,1172,2024-11-10,Late Delivery,Resolved,1
91584,1491,2025-04-26,Billing Issue,Resolved,2
91585,1266,2024-11-27,Billing Issue,Resolved,3
91586,2032,2025-05-16,Billing Issue,Resolved,4
91587,1145,2025-02-12,Late Delivery,Resolved,2
91588,2159,2024-10-15,Late Delivery,Resolved,5
91589,1637,2024-11-05,Other,Resolved,3
91590,1831,2025-04-30,Billing Issue,Pending,2
91591,1863,2025-04-10,Late Delivery,Resolved,5
91592,1068,2024-10-11,Other,Pending,4
91593,1775,2024-11-18,Late Delivery,Pending,5
91594,1400,2024-11-15,Other,Resolved,5
91595,1782,2025-05-06,Other,Pending,5
91596,1250,2024-11-27,Late Delivery,Resolved,4
91597,2188,2024-08-17,Product Quality,Resolved,3
91598,1885,2025-04-03,Other,Resolved,4
91599,1384,2024-08-07,Billing Issue,Resolved,4
91600,1537,2025-06-10,Late Delivery,Resolved,5
91601,1783,2024-09-03,Late Delivery,Resolved,3
91602,1570,2024-09-29,Product Quality,Pending,4
91603,1024,2024-12-01,Product Quality,Pending,4
91604,1967,2024-07-09,Other,Escalated,3
91605,2151,2025-03-31,Product Quality,Resolved,2
91606,2198,2024-11-04,Other,Pending,5
91607,1018,2025-01-23,Product Quality,Resolved,5
91608,2087,2024-08-09,Product Quality,Pending,3
91609,2176,2025-03-27,Product Quality,Resolved,4
91610,1474,2024-12-22,Product Quality,Resolved,5
91611,1750,2025-05-07,Billing Issue,Pending,5
91612,2032,2024-12-21,Product Quality,Resolved,2
91613,1224,2024-08-31,Late Delivery,Resolved,4
91614,1200,2024-12-17,Late Delivery,Resolved,5
91615,1133,2025-02-16,Late Delivery,Resolved,1
91616,1848,2025-01-24,Late Delivery,Resolved,5
91617,1539,2024-12-22,Other,Resolved,5
91618,1382,2025-03-18,Product Quality,Resolved,5
91619,1231,2025-02-27,Billing Issue,Resolved,1
91620,1705,2024-06-11,Billing Issue,Resolved,2
91621,1575,2025-04-07,Product Quality,Pending,4
91622,1901,2024-07-22,Other,Resolved,5
91623,1052,2025-05-18,Billing Issue,Pending,5
91624,1337,2024-07-20,Product Quality,Resolved,5
91625,1993,2025-04-30,Late Delivery,Escalated,4
91626,1595,2024-09-01,Other,Resolved,3
91627,1333,2024-07-18,Product Quality,Resolved,4
91628,1683,2025-04-22,Billing Issue,Resolved,3
91629,1695,2024-10-25,Billing Issue,Pending,5
91630,1474,2024-10-23,Other,Resolved,4
91631,1809,2024-07-12,Billing Issue,Resolved,4
91632,1803,2025-04-18,Product Quality,Resolved,4
91633,1720,2024-12-01,Product Quality,Resolved,4
91634,1825,2024-06-16,Other,Resolved,5
91635,1798,2025-04-11,Product Quality,Resolved,5
91636,1379,2025-05-31,Billing Issue,Resolved,3
91637,1764,2024-07-22,Other,Resolved,3
91638,1721,2025-03-30,Billing Issue,Escalated,1
91639,1205,2024-06-14,Billing Issue,Pending,1
91640,1358,2025-04-04,Late Delivery,Resolved,5
91641,1249,2025-02-25,Product Quality,Pending,3
91642,1903,2025-01-08,Product Quality,Resolved,5
91643,1905,2024-10-27,Billing Issue,Resolved,5
91644,2173,2024-11-26,Billing Issue,Pending,3
91645,1670,2025-01-30,Billing Issue,Resolved,4
91646,1613,2025-05-25,Billing Issue,Resolved,4
91647,1790,2024-08-08,Late Delivery,Resolved,5
91648,1943,2024-10-18,Billing Issue,Resolved,2
91649,1511,2025-05-06,Billing Issue,Resolved,5
91650,1287,2025-05-13,Billing Issue,Escalated,5
91651,1388,2024-11-30,Other,Resolved,4
91652,1778,2024-10-23,Other,Pending,2
91653,1734,2024-10-22,Other,Resolved,3
91654,2001,2024-11-20,Other,Resolved,5
91655,1903,2024-11-03,Product Quality,Resolved,2
91656,1143,2025-01-23,Other,Resolved,4
91657,1586,2024-12-20,Other,Pending,2
91658,2191,2024-06-16,Other,Resolved,5
91659,1564,2024-10-23,Product Quality,Resolved,4
91660,1781,2025-05-05,Billing Issue,Escalated,5
91661,2068,2025-03-16,Product Quality,Resolved,5
91662,1465,2024-07-21,Late Delivery,Resolved,4
91663,1762,2024-10-11,Late Delivery,Pending,5
91664,1657,2025-01-03,Other,Pending,1
91665,1851,2024-10-27,Late Delivery,Resolved,2
91666,1071,2025-04-01,Other,Pending,5
91667,1915,2025-01-29,Late Delivery,Resolved,4
91668,1221,2024-12-26,Product Quality,Resolved,5
91669,1618,2025-05-18,Other,Pending,5
91670,1541,2024-12-23,Product Quality,Resolved,4
91671,1486,2024-08-23,Other,Resolved,5
91672,2200,2024-08-22,Billing Issue,Resolved,3
91673,1392,2025-01-10,Other,Resolved,2
91674,1580,2024-12-28,Other,Escalated,4
91675,1092,2025-01-22,Late Delivery,Resolved,3
91676,1587,2024-12-29,Late Delivery,Escalated,3
91677,1338,2024-10-16,Other,Resolved,3
91678,1058,2025-03-21,Other,Escalated,4
91679,1061,2024-10-09,Product Quality,Resolved,1
91680,1424,2025-01-30,Other,Pending,5
91681,1273,2024-12-29,Late Delivery,Pending,4
91682,1226,2024-06-10,Other,Escalated,3
91683,1724,2025-03-25,Product Quality,Resolved,2
91684,1907,2024-12-02,Product Quality,Resolved,5
91685,1864,2024-10-16,Other,Resolved,4
91686,1838,2024-09-22,Late Delivery,Resolved,4
91687,1338,2024-08-02,Billing Issue,Resolved,4
91688,1377,2024-10-30,Other,Pending,4
91689,1154,2024-08-22,Product Quality,Resolved,4
91690,2032,2025-03-28,Product Quality,Resolved,4
91691,1282,2025-01-12,Late Delivery,Resolved,4
91692,2158,2025-04-28,Product Quality,Pending,5
91693,2058,2024-11-03,Other,Pending,3
91694,1475,2025-03-19,Billing Issue,Resolved,3
91695,2164,2025-02-07,Late Delivery,Pending,5
91696,1385,2025-03-10,Product Quality,Resolved,3
91697,2106,2024-06-20,Late Delivery,Resolved,4
91698,1649,2024-12-01,Other,Resolved,5
91699,1955,2024-07-27,Billing Issue,Resolved,1
91700,1364,2024-08-05,Other,Pending,3
91701,2030,2024-11-08,Late Delivery,Resolved,4
91702,1593,2024-11-01,Billing Issue,Pending,4
91703,1856,2024-09-01,Other,Escalated,1
91704,1586,2024-06-17,Late Delivery,Resolved,4
91705,1667,2024-12-28,Billing Issue,Resolved,2
91706,1706,2024-08-27,Late Delivery,Resolved,3
91707,1892,2025-04-13,Other,Pending,5
91708,1442,2025-06-01,Late Delivery,Resolved,2
91709,1737,2025-01-19,Product Quality,Escalated,4
91710,1392,2024-08-26,Late Delivery,Resolved,5
91711,1435,2024-11-13,Product Quality,Pending,3
91712,1101,2024-08-06,Billing Issue,Pending,3
91713,1990,2024-09-28,Billing Issue,Resolved,5
91714,1105,2024-07-25,Other,Resolved,4
91715,1059,2024-10-16,Late Delivery,Escalated,5
91716,1210,2025-05-12,Product Quality,Escalated,5
91717,1095,2024-07-02,Product Quality,Escalated,5
91718,1602,2025-02-07,Other,Resolved,5
91719,1051,2025-01-20,Late Delivery,Resolved,3
91720,1901,2025-02-02,Product Quality,Resolved,4
91721,1501,2024-06-29,Other,Resolved,4
91722,1715,2025-01-24,Other,Resolved,5
91723,1564,2024-07-28,Late Delivery,Pending,2
91724,2164,2025-03-11,Late Delivery,Resolved,5
91725,2126,2024-09-10,Late Delivery,Pending,5
91726,1919,2025-04-06,Product Quality,Pending,3
91727,2144,2024-08-07,Other,Resolved,4
91728,1308,2024-12-11,Late Delivery,Escalated,3
91729,1876,2025-02-16,Billing Issue,Resolved,3
91730,1473,2024-06-19,Late Delivery,Resolved,4
91731,1076,2024-07-26,Product Quality,Resolved,4
91732,1643,2025-05-10,Late Delivery,Resolved,4
91733,1152,2025-04-10,Late Delivery,Resolved,4
91734,1591,2025-02-03,Billing Issue,Pending,4
91735,1863,2025-02-13,Billing Issue,Pending,1
91736,1491,2025-02-10,Product Quality,Escalated,2
91737,1405,2024-11-06,Late Delivery,Pending,4
91738,1252,2025-04-27,Late Delivery,Resolved,5
91739,1375,2024-12-09,Billing Issue,Resolved,4
91740,2143,2025-06-09,Late Delivery,Resolved,4
91741,2008,2024-07-25,Product Quality,Resolved,5
91742,1153,2025-02-04,Billing Issue,Escalated,5
91743,2098,2025-01-22,Other,Resolved,5
91744,1710,2025-05-28,Other,Resolved,1
91745,2181,2025-04-27,Other,Resolved,4
91746,1174,2024-06-12,Other,Resolved,3
91747,1238,2025-01-19,Billing Issue,Resolved,5
91748,1764,2024-09-05,Product Quality,Resolved,5
91749,1544,2024-09-06,Other,Escalated,1
91750,1496,2025-02-20,Other,Resolved,1
91751,2165,2024-10-01,Late Delivery,Resolved,4
91752,1181,2025-04-02,Product Quality,Resolved,3
91753,1843,2025-03-27,Other,Resolved,3
91754,1098,2025-01-04,Billing Issue,Resolved,5
91755,1310,2025-04-21,Billing Issue,Resolved,1
91756,1380,2024-06-14,Product Quality,Resolved,3
91757,1691,2025-05-03,Other,Resolved,3
91758,1460,2024-10-26,Billing Issue,Pending,5
91759,1863,2025-03-25,Late Delivery,Resolved,4
91760,1937,2025-04-09,Billing Issue,Resolved,3
91761,1470,2025-04-18,Product Quality,Resolved,2
91762,1730,2025-03-18,Other,Resolved,3
91763,2003,2025-01-23,Product Quality,Resolved,1
91764,1369,2025-02-22,Billing Issue,Resolved,5
91765,1486,2024-12-30,Other,Resolved,2
91766,1557,2025-04-05,Product Quality,Resolved,5
91767,1970,2025-05-27,Product Quality,Resolved,2
91768,1127,2024-11-28,Other,Pending,5
91769,1814,2024-11-15,Late Delivery,Resolved,4
91770,2136,2025-06-09,Billing Issue,Resolved,3
91771,1979,2024-08-10,Late Delivery,Escalated,3
91772,1271,2025-04-26,Product Quality,Resolved,3
91773,1663,2024-08-11,Product Quality,Resolved,3
91774,1162,2024-12-23,Late Delivery,Pending,5
91775,1809,2024-09-09,Billing Issue,Resolved,2
91776,1950,2025-01-31,Product Quality,Pending,2
91777,1556,2024-08-27,Other,Resolved,3
91778,1732,2024-08-27,Product Quality,Resolved,5
91779,2165,2025-01-25,Product Quality,Resolved,4
91780,2078,2025-05-23,Billing Issue,Pending,3
91781,1520,2024-06-28,Other,Resolved,5
91782,1484,2025-05-18,Late Delivery,Resolved,5
91783,1171,2025-02-25,Late Delivery,Resolved,5
91784,1376,2024-09-21,Billing Issue,Escalated,3
91785,1710,2024-09-12,Product Quality,Pending,5
91786,2101,2024-12-04,Product Quality,Resolved,5
91787,1852,2024-11-24,Billing Issue,Pending,4
91788,1005,2025-03-15,Product Quality,Resolved,4
91789,1571,2024-12-03,Late Delivery,Pending,3
91790,2043,2024-06-18,Late Delivery,Resolved,4
91791,1065,2024-07-14,Product Quality,Escalated,2
91792,1236,2025-03-28,Other,Resolved,4
91793,1666,2024-12-12,Billing Issue,Resolved,4
91794,1289,2024-07-16,Other,Resolved,4
91795,1236,2024-12-05,Billing Issue,Resolved,4
91796,1749,2024-07-07,Product Quality,Resolved,4
91797,1422,2025-01-25,Other,Resolved,1
91798,1391,2024-12-22,Product Quality,Resolved,1
91799,1733,2025-03-17,Product Quality,Resolved,4
91800,1756,2025-05-07,Billing Issue,Resolved,5
